season,player_id,player_name,targets,comp_allowed,incompletions,interceptions,td_allowed,yards_allowed,comp_pct_allowed,int_rate,td_rate_allowed,yds_per_target,incompletion_rate,player_short_x,season_snaps,player_short_y,career_snaps,target_rate,target_rate_vs_avg
2020,00-0027943,P.Peterson,8,0.0,5.0,3.0,0,0.0,0.0,0.375,0.0,0.0,0.625,P.Peterson,1035.0,P.Peterson,4259.0,0.7729468599033816,-0.29129743150654963
2020,00-0029542,S.Gilmore,3,0.0,2.0,1.0,0,0.0,0.0,0.3333333333333333,0.0,0.0,0.6666666666666666,S.Gilmore,573.0,S.Gilmore,3909.0,0.5235602094240838,-0.5406840819858475
2020,00-0029568,M.Jackson,2,0.0,2.0,0.0,0,0.0,0.0,0.0,0.0,0.0,1.0,M.Jackson,4.0,M.Jackson,2853.0,50.0,48.935755708590065
2020,00-0030062,D.Slay,6,0.0,5.0,1.0,0,0.0,0.0,0.16666666666666666,0.0,0.0,0.8333333333333334,D.Slay,884.0,D.Slay,4877.0,0.6787330316742082,-0.3855112597357231
2020,00-0031041,K.Fuller,8,0.0,7.0,1.0,0,0.0,0.0,0.125,0.0,0.0,0.875,K.Fuller,966.0,K.Fuller,5378.0,0.8281573498964804,-0.2360869415134509
2020,00-0031785,T.Hill,10,0.0,6.0,4.0,2,0.0,0.0,0.4,0.2,0.0,0.6,T.Hill,1106.0,T.Hill,3074.0,0.9041591320072333,-0.16008515940269796
2020,00-0031795,D.Williams,3,0.0,2.0,1.0,0,0.0,0.0,0.3333333333333333,0.0,0.0,0.6666666666666666,D.Williams,913.0,D.Williams,5209.0,0.32858707557502737,-0.735657215834904
2020,00-0032150,S.Nelson,9,0.0,7.0,2.0,0,0.0,0.0,0.2222222222222222,0.0,0.0,0.7777777777777778,S.Nelson,830.0,S.Nelson,4034.0,1.0843373493975903,0.020093057987659035
2020,00-0032195,R.Darby,16,0.0,16.0,0.0,0,0.0,0.0,0.0,0.0,0.0,1.0,R.Darby,1073.0,R.Darby,3244.0,1.4911463187325256,0.4269020273225943
2020,00-0032521,M.Hilton,7,0.0,4.0,3.0,0,0.0,0.0,0.42857142857142855,0.0,0.0,0.5714285714285714,M.Hilton,507.0,M.Hilton,4001.0,1.3806706114398422,0.3164263200299109
2020,00-0032580,J.Jones,6,0.0,4.0,2.0,0,0.0,0.0,0.3333333333333333,0.0,0.0,0.6666666666666666,J.Jones,46.0,J.Jones,7768.0,13.043478260869565,11.979233969459633
2020,00-0032890,J.Bradberry,18,0.0,14.0,4.0,0,0.0,0.0,0.2222222222222222,0.0,0.0,0.7777777777777778,J.Bradberry,810.0,J.Bradberry,4282.0,2.2222222222222223,1.157977930812291
2020,00-0033050,X.Howard,20,0.0,10.0,10.0,0,0.0,0.0,0.5,0.0,0.0,0.5,X.Howard,909.0,X.Howard,3733.0,2.2002200220022003,1.135975730592269
2020,00-0033055,J.Ramsey,9,0.0,8.0,1.0,0,0.0,0.0,0.1111111111111111,0.0,0.0,0.8888888888888888,J.Ramsey,1087.0,J.Ramsey,5119.0,0.8279668813247469,-0.23627741008518433
2020,00-0033084,K.Fuller,11,0.0,7.0,4.0,0,0.0,0.0,0.36363636363636365,0.0,0.0,0.6363636363636364,K.Fuller,966.0,K.Fuller,5378.0,1.1387163561076603,0.07447206469772905
2020,00-0033281,M.Humphrey,11,0.0,10.0,1.0,0,0.0,0.0,0.09090909090909091,0.0,0.0,0.9090909090909091,M.Humphrey,736.0,M.Humphrey,4147.0,1.4945652173913044,0.43032092598137317
2020,00-0033393,K.Moore,13,0.0,9.0,4.0,1,0.0,0.0,0.3076923076923077,0.07692307692307693,0.0,0.6923076923076923,K.Moore,919.0,K.Moore,4855.0,1.4145810663764962,0.3503367749665649
2020,00-0033548,C.Awuzie,5,0.0,4.0,1.0,0,0.0,0.0,0.2,0.0,0.0,0.8,C.Awuzie,250.0,C.Awuzie,2858.0,2.0,0.9357557085900687
2020,00-0033551,R.Douglas,9,0.0,9.0,0.0,0,0.0,0.0,0.0,0.0,0.0,1.0,R.Douglas,357.0,R.Douglas,4041.0,2.5210084033613445,1.4567641119514132
2020,00-0033566,D.King,2,0.0,2.0,0.0,0,0.0,0.0,0.0,0.0,0.0,1.0,D.King,490.0,D.King,2754.0,0.40816326530612246,-0.6560810261038088
2020,00-0033697,M.Davis,14,0.0,11.0,3.0,1,0.0,0.0,0.21428571428571427,0.07142857142857142,0.0,0.7857142857142857,M.Davis,958.0,M.Davis,3672.0,1.4613778705636742,0.3971335791537429
2020,00-0033783,A.Witherspoon,4,0.0,3.0,1.0,0,0.0,0.0,0.25,0.0,0.0,0.75,A.Witherspoon,329.0,A.Witherspoon,2701.0,1.21580547112462,0.15156117971468874
2020,00-0033874,M.Lattimore,11,0.0,9.0,2.0,0,0.0,0.0,0.18181818181818182,0.0,0.0,0.8181818181818182,M.Lattimore,920.0,M.Lattimore,3644.0,1.1956521739130435,0.1314078825031122
2020,00-0033884,T.White,11,0.0,8.0,3.0,0,0.0,0.0,0.2727272727272727,0.0,0.0,0.7272727272727273,T.White,1054.0,T.White,2762.0,1.0436432637571158,-0.020601027652815462
2020,00-0033903,J.Jones,1,0.0,0.0,1.0,0,0.0,0.0,1.0,0.0,0.0,0.0,J.Jones,46.0,J.Jones,7768.0,2.1739130434782608,1.1096687520683295
2020,00-0033918,F.Moreau,3,0.0,1.0,2.0,0,0.0,0.0,0.6666666666666666,0.0,0.0,0.3333333333333333,F.Moreau,148.0,F.Moreau,2888.0,2.027027027027027,0.9627827356170959
2020,00-0033926,S.Griffin,1,0.0,1.0,0.0,0,0.0,0.0,0.0,0.0,0.0,1.0,S.Griffin,805.0,S.Griffin,3071.0,0.12422360248447205,-0.9400206889254592
2020,00-0033927,J.Johnson,2,0.0,2.0,0.0,0,0.0,0.0,0.0,0.0,0.0,1.0,,,J.Johnson,3431.0,,
2020,00-0033928,J.Lewis,2,0.0,2.0,0.0,0,0.0,0.0,0.0,0.0,0.0,1.0,J.Lewis,817.0,J.Lewis,3622.0,0.24479804161566704,-0.8194462497942643
2020,00-0033930,C.Sutton,8,0.0,7.0,1.0,0,0.0,0.0,0.125,0.0,0.0,0.875,C.Sutton,582.0,C.Sutton,4202.0,1.3745704467353952,0.3103261553254639
2020,00-0034203,D.Williams,14,0.0,10.0,4.0,0,0.0,0.0,0.2857142857142857,0.0,0.0,0.7142857142857143,D.Williams,913.0,D.Williams,5209.0,1.5334063526834611,0.4691620612735299
2020,00-0034356,D.Jackson,11,0.0,8.0,3.0,0,0.0,0.0,0.2727272727272727,0.0,0.0,0.7272727272727273,D.Jackson,193.0,D.Jackson,6041.0,5.699481865284974,4.635237573875043
2020,00-0034376,T.Johnson,5,0.0,4.0,1.0,1,0.0,0.0,0.2,0.2,0.0,0.8,T.Johnson,957.0,T.Johnson,4893.0,0.522466039707419,-0.5417782517025123
2020,00-0034384,D.Reed,7,0.0,5.0,2.0,0,0.0,0.0,0.2857142857142857,0.0,0.0,0.7142857142857143,D.Reed,536.0,D.Reed,4545.0,1.3059701492537312,0.24172585784379996
2020,00-0034468,C.Sullivan,6,0.0,5.0,1.0,1,0.0,0.0,0.16666666666666666,0.16666666666666666,0.0,0.8333333333333334,C.Sullivan,787.0,C.Sullivan,3082.0,0.7623888182973316,-0.30185547311259964
2020,00-0034514,L.Wallace,8,0.0,6.0,2.0,0,0.0,0.0,0.25,0.0,0.0,0.75,L.Wallace,592.0,L.Wallace,3488.0,1.3513513513513513,0.28710705994142005
2020,00-0034573,C.Ward,6,0.0,6.0,0.0,0,0.0,0.0,0.0,0.0,0.0,1.0,C.Ward,946.0,C.Ward,4868.0,0.6342494714587738,-0.4299948199511575
2020,00-0034728,J.Alexander,13,0.0,12.0,1.0,0,0.0,0.0,0.07692307692307693,0.0,0.0,0.9230769230769231,J.Alexander,966.0,J.Alexander,3016.0,1.3457556935817805,0.2815114021718492
2020,00-0034778,C.Davis,18,0.0,13.0,5.0,0,0.0,0.0,0.2777777777777778,0.0,0.0,0.7222222222222222,C.Davis,1042.0,C.Davis,4237.0,1.727447216890595,0.6632029254806637
2020,00-0034856,D.Ward,18,0.0,15.0,3.0,0,0.0,0.0,0.16666666666666666,0.0,0.0,0.8333333333333334,D.Ward,596.0,D.Ward,3621.0,3.0201342281879198,1.9558899367779885
2020,00-0034903,T.Campbell,3,0.0,2.0,1.0,1,0.0,0.0,0.3333333333333333,0.3333333333333333,0.0,0.6666666666666666,T.Campbell,325.0,T.Campbell,4531.0,0.9230769230769231,-0.14116736833300814
2020,00-0035144,M.Wilson,2,0.0,2.0,0.0,0,0.0,0.0,0.0,0.0,0.0,1.0,,,M.Wilson,2523.0,,
2020,00-0035236,B.Murphy,8,0.0,8.0,0.0,0,0.0,0.0,0.0,0.0,0.0,1.0,B.Murphy,587.0,B.Murphy,4228.0,1.362862010221465,0.29861771881153376
2020,00-0035239,S.Murphy-Bunting,3,0.0,2.0,1.0,0,0.0,0.0,0.3333333333333333,0.0,0.0,0.6666666666666666,S.Murphy-Bunting,1000.0,S.Murphy-Bunting,3588.0,0.3,-0.7642442914099312
2020,00-0035270,A.Oruwariye,7,0.0,6.0,1.0,0,0.0,0.0,0.14285714285714285,0.0,0.0,0.8571428571428571,A.Oruwariye,1028.0,A.Oruwariye,2729.0,0.6809338521400778,-0.3833104392698534
2020,00-0035699,J.Dean,7,0.0,6.0,1.0,1,0.0,0.0,0.14285714285714285,0.14285714285714285,0.0,0.8571428571428571,J.Dean,844.0,J.Dean,4122.0,0.8293838862559242,-0.23486040515400708
2020,00-0036166,D.Jackson,5,0.0,4.0,1.0,0,0.0,0.0,0.2,0.0,0.0,0.8,D.Jackson,193.0,D.Jackson,6041.0,2.5906735751295336,1.5264292837196023
2020,00-0036285,A.Terrell,7,0.0,6.0,1.0,0,0.0,0.0,0.14285714285714285,0.0,0.0,0.8571428571428571,A.Terrell,667.0,A.Terrell,4640.0,1.0494752623688157,-0.014769029041115544
2020,00-0036292,J.Johnson,15,0.0,13.0,2.0,0,0.0,0.0,0.13333333333333333,0.0,0.0,0.8666666666666667,,,J.Johnson,3431.0,,
2020,00-0036361,T.Diggs,14,0.0,11.0,3.0,0,0.0,0.0,0.21428571428571427,0.0,0.0,0.7857142857142857,T.Diggs,586.0,T.Diggs,3716.0,2.3890784982935154,1.324834206883584
2020,00-0036374,L.Sneed,7,0.0,4.0,3.0,0,0.0,0.0,0.42857142857142855,0.0,0.0,0.5714285714285714,L.Sneed,473.0,L.Sneed,4394.0,1.4799154334038054,0.4156711419938741
2020,00-0036416,K.Fulton,1,0.0,0.0,1.0,0,0.0,0.0,1.0,0.0,0.0,0.0,K.Fulton,115.0,K.Fulton,3041.0,0.8695652173913043,-0.19467907401862694
2021,00-0027943,P.Peterson,5,0.0,4.0,1.0,1,0.0,0.0,0.2,0.2,0.0,0.8,P.Peterson,885.0,P.Peterson,4259.0,0.5649717514124294,-0.4992725399975019
2021,00-0029542,S.Gilmore,2,0.0,0.0,2.0,0,0.0,0.0,1.0,0.0,0.0,0.0,S.Gilmore,305.0,S.Gilmore,3909.0,0.6557377049180327,-0.4085065864918985
2021,00-0029568,M.Jackson,4,0.0,4.0,0.0,0,0.0,0.0,0.0,0.0,0.0,1.0,M.Jackson,25.0,M.Jackson,2853.0,16.0,14.935755708590069
2021,00-0030062,D.Slay,9,0.0,6.0,3.0,1,0.0,0.0,0.3333333333333333,0.1111111111111111,0.0,0.6666666666666666,D.Slay,1025.0,D.Slay,4877.0,0.878048780487805,-0.18619551092212627
2021,00-0031041,K.Fuller,4,0.0,4.0,0.0,0,0.0,0.0,0.0,0.0,0.0,1.0,K.Fuller,1004.0,K.Fuller,5378.0,0.398406374501992,-0.6658379169079393
2021,00-0031785,T.Hill,1,0.0,1.0,0.0,0,0.0,0.0,0.0,0.0,0.0,1.0,T.Hill,534.0,T.Hill,3074.0,0.18726591760299627,-0.876978373806935
2021,00-0031795,D.Williams,2,0.0,2.0,0.0,0,0.0,0.0,0.0,0.0,0.0,1.0,D.Williams,1165.0,D.Williams,5209.0,0.17167381974248927,-0.892570471667442
2021,00-0032150,S.Nelson,7,0.0,6.0,1.0,0,0.0,0.0,0.14285714285714285,0.0,0.0,0.8571428571428571,S.Nelson,1053.0,S.Nelson,4034.0,0.6647673314339981,-0.39947695997593313
2021,00-0032195,R.Darby,6,0.0,6.0,0.0,0,0.0,0.0,0.0,0.0,0.0,1.0,R.Darby,676.0,R.Darby,3244.0,0.8875739644970414,-0.17667032691288986
2021,00-0032379,E.Apple,10,0.0,8.0,2.0,0,0.0,0.0,0.2,0.0,0.0,0.8,E.Apple,1242.0,E.Apple,3038.0,0.8051529790660225,-0.2590913123439088
2021,00-0032521,M.Hilton,5,0.0,3.0,2.0,1,0.0,0.0,0.4,0.2,0.0,0.6,M.Hilton,1031.0,M.Hilton,4001.0,0.4849660523763337,-0.5792782390335975
2021,00-0032580,J.Jones,3,0.0,2.0,1.0,0,0.0,0.0,0.3333333333333333,0.0,0.0,0.6666666666666666,J.Jones,225.0,J.Jones,7768.0,1.3333333333333335,0.2690890419234022
2021,00-0032890,J.Bradberry,17,0.0,13.0,4.0,0,0.0,0.0,0.23529411764705882,0.0,0.0,0.7647058823529411,J.Bradberry,1159.0,J.Bradberry,4282.0,1.4667817083692838,0.4025374169593525
2021,00-0033050,X.Howard,16,0.0,11.0,5.0,1,0.0,0.0,0.3125,0.0625,0.0,0.6875,X.Howard,1026.0,X.Howard,3733.0,1.5594541910331383,0.49520989962320705
2021,00-0033055,J.Ramsey,16,0.0,11.0,5.0,0,0.0,0.0,0.3125,0.0,0.0,0.6875,J.Ramsey,1269.0,J.Ramsey,5119.0,1.260835303388495,0.19659101197856366
2021,00-0033084,K.Fuller,16,0.0,15.0,1.0,0,0.0,0.0,0.0625,0.0,0.0,0.9375,K.Fuller,1004.0,K.Fuller,5378.0,1.593625498007968,0.5293812065980368
2021,00-0033281,M.Humphrey,13,0.0,12.0,1.0,0,0.0,0.0,0.07692307692307693,0.0,0.0,0.9230769230769231,M.Humphrey,748.0,M.Humphrey,4147.0,1.7379679144385027,0.6737236230285715
2021,00-0033393,K.Moore,13,0.0,9.0,4.0,0,0.0,0.0,0.3076923076923077,0.0,0.0,0.6923076923076923,K.Moore,1063.0,K.Moore,4855.0,1.2229539040451554,0.1587096126352241
2021,00-0033548,C.Awuzie,14,0.0,12.0,2.0,0,0.0,0.0,0.14285714285714285,0.0,0.0,0.8571428571428571,C.Awuzie,1042.0,C.Awuzie,2858.0,1.3435700575815739,0.2793257661716426
2021,00-0033551,R.Douglas,13,0.0,8.0,5.0,2,0.0,0.0,0.38461538461538464,0.15384615384615385,0.0,0.6153846153846154,R.Douglas,734.0,R.Douglas,4041.0,1.7711171662125342,0.706872874802603
2021,00-0033566,D.King,6,0.0,3.0,3.0,0,0.0,0.0,0.5,0.0,0.0,0.5,D.King,927.0,D.King,2754.0,0.6472491909385114,-0.41699510047141986
2021,00-0033697,M.Davis,12,0.0,11.0,1.0,0,0.0,0.0,0.08333333333333333,0.0,0.0,0.9166666666666666,M.Davis,853.0,M.Davis,3672.0,1.406799531066823,0.34255523965689183
2021,00-0033783,A.Witherspoon,9,0.0,6.0,3.0,0,0.0,0.0,0.3333333333333333,0.0,0.0,0.6666666666666666,A.Witherspoon,410.0,A.Witherspoon,2701.0,2.195121951219512,1.1308776598095807
2021,00-0033874,M.Lattimore,19,0.0,16.0,3.0,0,0.0,0.0,0.15789473684210525,0.0,0.0,0.8421052631578947,M.Lattimore,998.0,M.Lattimore,3644.0,1.903807615230461,0.8395633238205298
2021,00-0033878,A.Jackson,8,0.0,7.0,1.0,0,0.0,0.0,0.125,0.0,0.0,0.875,A.Jackson,814.0,A.Jackson,2923.0,0.9828009828009828,-0.08144330860894844
2021,00-0033884,T.White,6,0.0,5.0,1.0,0,0.0,0.0,0.16666666666666666,0.0,0.0,0.8333333333333334,T.White,629.0,T.White,2762.0,0.9538950715421303,-0.110349219867801
2021,00-0033918,F.Moreau,11,0.0,11.0,0.0,0,0.0,0.0,0.0,0.0,0.0,1.0,F.Moreau,1037.0,F.Moreau,2888.0,1.0607521697203472,-0.0034921216895840157
2021,00-0033926,S.Griffin,7,0.0,7.0,0.0,0,0.0,0.0,0.0,0.0,0.0,1.0,S.Griffin,874.0,S.Griffin,3071.0,0.8009153318077803,-0.26332895960215097
2021,00-0033927,J.Johnson,5,0.0,2.0,3.0,0,0.0,0.0,0.6,0.0,0.0,0.4,J.Johnson,933.0,J.Johnson,3431.0,0.5359056806002144,-0.5283386108097169
2021,00-0033928,J.Lewis,11,0.0,7.0,4.0,0,0.0,0.0,0.36363636363636365,0.0,0.0,0.6363636363636364,J.Lewis,843.0,J.Lewis,3622.0,1.3048635824436536,0.24061929103372237
2021,00-0033930,C.Sutton,6,0.0,4.0,2.0,0,0.0,0.0,0.3333333333333333,0.0,0.0,0.6666666666666666,C.Sutton,1153.0,C.Sutton,4202.0,0.5203816131830009,-0.5438626782269304
2021,00-0034203,D.Williams,9,0.0,8.0,1.0,0,0.0,0.0,0.1111111111111111,0.0,0.0,0.8888888888888888,D.Williams,1165.0,D.Williams,5209.0,0.7725321888412017,-0.2917121025687296
2021,00-0034356,D.Jackson,10,0.0,8.0,2.0,0,0.0,0.0,0.2,0.0,0.0,0.8,D.Jackson,623.0,D.Jackson,6041.0,1.6051364365971106,0.5408921451871793
2021,00-0034376,T.Johnson,7,0.0,6.0,1.0,0,0.0,0.0,0.14285714285714285,0.0,0.0,0.8571428571428571,T.Johnson,992.0,T.Johnson,4893.0,0.7056451612903225,-0.35859913011960876
2021,00-0034384,D.Reed,10,0.0,8.0,2.0,0,0.0,0.0,0.2,0.0,0.0,0.8,D.Reed,1000.0,D.Reed,4545.0,1.0,-0.06424429140993126
2021,00-0034468,C.Sullivan,4,0.0,1.0,3.0,0,0.0,0.0,0.75,0.0,0.0,0.25,C.Sullivan,844.0,C.Sullivan,3082.0,0.47393364928909953,-0.5903106421208317
2021,00-0034514,L.Wallace,10,0.0,8.0,2.0,0,0.0,0.0,0.2,0.0,0.0,0.8,L.Wallace,1118.0,L.Wallace,3488.0,0.8944543828264758,-0.16978990858345544
2021,00-0034573,C.Ward,10,0.0,8.0,2.0,0,0.0,0.0,0.2,0.0,0.0,0.8,C.Ward,935.0,C.Ward,4868.0,1.06951871657754,0.005274425167608676
2021,00-0034677,J.Jones,1,0.0,1.0,0.0,0,0.0,0.0,0.0,0.0,0.0,1.0,J.Jones,225.0,J.Jones,7768.0,0.4444444444444444,-0.6197998469654868
2021,00-0034728,J.Alexander,3,0.0,2.0,1.0,0,0.0,0.0,0.3333333333333333,0.0,0.0,0.6666666666666666,J.Alexander,227.0,J.Alexander,3016.0,1.3215859030837005,0.25734161167376923
2021,00-0034778,C.Davis,11,0.0,9.0,2.0,1,0.0,0.0,0.18181818181818182,0.09090909090909091,0.0,0.8181818181818182,C.Davis,772.0,C.Davis,4237.0,1.4248704663212435,0.3606261749113122
2021,00-0034856,D.Ward,10,0.0,6.0,4.0,1,0.0,0.0,0.4,0.1,0.0,0.6,D.Ward,856.0,D.Ward,3621.0,1.1682242990654206,0.10398000765548931
2021,00-0034903,T.Campbell,4,0.0,4.0,0.0,0,0.0,0.0,0.0,0.0,0.0,1.0,T.Campbell,679.0,T.Campbell,4531.0,0.5891016200294551,-0.47514267138047617
2021,00-0035236,B.Murphy,12,0.0,8.0,4.0,1,0.0,0.0,0.3333333333333333,0.08333333333333333,0.0,0.6666666666666666,B.Murphy,1027.0,B.Murphy,4228.0,1.1684518013631937,0.10420750995326244
2021,00-0035239,S.Murphy-Bunting,3,0.0,3.0,0.0,0,0.0,0.0,0.0,0.0,0.0,1.0,S.Murphy-Bunting,523.0,S.Murphy-Bunting,3588.0,0.5736137667304015,-0.4906305246795297
2021,00-0035270,A.Oruwariye,11,0.0,5.0,6.0,0,0.0,0.0,0.5454545454545454,0.0,0.0,0.45454545454545453,A.Oruwariye,938.0,A.Oruwariye,2729.0,1.1727078891257996,0.10846359771586833
2021,00-0035277,M.Jackson,2,0.0,2.0,0.0,0,0.0,0.0,0.0,0.0,0.0,1.0,M.Jackson,25.0,M.Jackson,2853.0,8.0,6.935755708590069
2021,00-0035699,J.Dean,9,0.0,7.0,2.0,0,0.0,0.0,0.2222222222222222,0.0,0.0,0.7777777777777778,J.Dean,823.0,J.Dean,4122.0,1.0935601458080195,0.02931585439808826
2021,00-0036166,D.Jackson,6,0.0,6.0,0.0,0,0.0,0.0,0.0,0.0,0.0,1.0,D.Jackson,623.0,D.Jackson,6041.0,0.9630818619582664,-0.10116242945166487
2021,00-0036285,A.Terrell,16,0.0,13.0,3.0,0,0.0,0.0,0.1875,0.0,0.0,0.8125,A.Terrell,1024.0,A.Terrell,4640.0,1.5625,0.49825570859006874
2021,00-0036361,T.Diggs,21,0.0,10.0,11.0,2,0.0,0.0,0.5238095238095238,0.09523809523809523,0.0,0.47619047619047616,T.Diggs,1080.0,T.Diggs,3716.0,1.9444444444444444,0.8802001530345132
2021,00-0036374,L.Sneed,8,0.0,6.0,2.0,0,0.0,0.0,0.25,0.0,0.0,0.75,L.Sneed,1113.0,L.Sneed,4394.0,0.7187780772686434,-0.34546621414128786
2021,00-0036416,K.Fulton,14,0.0,12.0,2.0,0,0.0,0.0,0.14285714285714285,0.0,0.0,0.8571428571428571,K.Fulton,801.0,K.Fulton,3041.0,1.7478152309612984,0.6835709395513672
2021,00-0036563,D.Lenoir,2,0.0,2.0,0.0,0,0.0,0.0,0.0,0.0,0.0,1.0,D.Lenoir,237.0,D.Lenoir,3430.0,0.8438818565400843,-0.22036243486984697
2021,00-0036625,B.St-Juste,3,0.0,3.0,0.0,0,0.0,0.0,0.0,0.0,0.0,1.0,B.St-Juste,271.0,B.St-Juste,2851.0,1.107011070110701,0.042766778700769725
2021,00-0036871,N.Hobbs,3,0.0,2.0,1.0,0,0.0,0.0,0.3333333333333333,0.0,0.0,0.6666666666666666,N.Hobbs,894.0,N.Hobbs,2895.0,0.33557046979865773,-0.7286738216112736
2021,00-0036884,M.Wilson,4,0.0,4.0,0.0,0,0.0,0.0,0.0,0.0,0.0,1.0,M.Wilson,799.0,M.Wilson,2523.0,0.5006257822277848,-0.5636185091821465
2021,00-0036937,P.Adebo,8,0.0,5.0,3.0,0,0.0,0.0,0.375,0.0,0.0,0.625,P.Adebo,793.0,P.Adebo,2992.0,1.008827238335435,-0.05541705307449618
2021,00-0036974,T.Campbell,10,0.0,8.0,2.0,0,0.0,0.0,0.2,0.0,0.0,0.8,T.Campbell,679.0,T.Campbell,4531.0,1.4727540500736376,0.4085097586637063
2022,00-0027943,P.Peterson,15,0.0,10.0,5.0,0,0.0,0.0,0.3333333333333333,0.0,0.0,0.6666666666666666,P.Peterson,1177.0,P.Peterson,4259.0,1.274426508071368,0.21018221666143666
2022,00-0029542,S.Gilmore,11,0.0,8.0,3.0,0,0.0,0.0,0.2727272727272727,0.0,0.0,0.7272727272727273,S.Gilmore,1063.0,S.Gilmore,3909.0,1.03480714957667,-0.029437141833261293
2022,00-0030062,D.Slay,14,0.0,10.0,4.0,0,0.0,0.0,0.2857142857142857,0.0,0.0,0.7142857142857143,D.Slay,1147.0,D.Slay,4877.0,1.2205754141238012,0.15633112271386995
2022,00-0031785,T.Hill,4,0.0,3.0,1.0,0,0.0,0.0,0.25,0.0,0.0,0.75,T.Hill,704.0,T.Hill,3074.0,0.5681818181818182,-0.49606247322811303
2022,00-0031795,D.Williams,3,0.0,3.0,0.0,0,0.0,0.0,0.0,0.0,0.0,1.0,D.Williams,1074.0,D.Williams,5209.0,0.27932960893854747,-0.7849146824713837
2022,00-0032150,S.Nelson,7,0.0,6.0,1.0,0,0.0,0.0,0.14285714285714285,0.0,0.0,0.8571428571428571,S.Nelson,958.0,S.Nelson,4034.0,0.7306889352818371,-0.33355535612809417
2022,00-0032195,R.Darby,3,0.0,3.0,0.0,0,0.0,0.0,0.0,0.0,0.0,1.0,R.Darby,281.0,R.Darby,3244.0,1.0676156583629894,0.0033713669530581747
2022,00-0032379,E.Apple,8,0.0,8.0,0.0,0,0.0,0.0,0.0,0.0,0.0,1.0,E.Apple,1101.0,E.Apple,3038.0,0.7266121707538601,-0.3376321206560712
2022,00-0032521,M.Hilton,6,0.0,5.0,1.0,0,0.0,0.0,0.16666666666666666,0.0,0.0,0.8333333333333334,M.Hilton,846.0,M.Hilton,4001.0,0.7092198581560284,-0.35502443325390287
2022,00-0032890,J.Bradberry,17,0.0,13.0,4.0,1,0.0,0.0,0.23529411764705882,0.058823529411764705,0.0,0.7647058823529411,J.Bradberry,1222.0,J.Bradberry,4282.0,1.3911620294599019,0.3269177380499706
2022,00-0033050,X.Howard,12,0.0,10.0,2.0,0,0.0,0.0,0.16666666666666666,0.0,0.0,0.8333333333333334,X.Howard,1053.0,X.Howard,3733.0,1.1396011396011396,0.07535684819120836
2022,00-0033055,J.Ramsey,18,0.0,14.0,4.0,0,0.0,0.0,0.2222222222222222,0.0,0.0,0.7777777777777778,J.Ramsey,1077.0,J.Ramsey,5119.0,1.6713091922005572,0.6070649007906259
2022,00-0033084,K.Fuller,13,0.0,10.0,3.0,2,0.0,0.0,0.23076923076923078,0.15384615384615385,0.0,0.7692307692307693,K.Fuller,1031.0,K.Fuller,5378.0,1.2609117361784674,0.19666744476853615
2022,00-0033281,M.Humphrey,7,0.0,4.0,3.0,0,0.0,0.0,0.42857142857142855,0.0,0.0,0.5714285714285714,M.Humphrey,1109.0,M.Humphrey,4147.0,0.6311992786293958,-0.4330450127805354
2022,00-0033393,K.Moore,4,0.0,4.0,0.0,0,0.0,0.0,0.0,0.0,0.0,1.0,K.Moore,773.0,K.Moore,4855.0,0.517464424320828,-0.5467798670891033
2022,00-0033548,C.Awuzie,5,0.0,5.0,0.0,0,0.0,0.0,0.0,0.0,0.0,1.0,C.Awuzie,471.0,C.Awuzie,2858.0,1.0615711252653928,-0.002673166144538497
2022,00-0033551,R.Douglas,13,0.0,8.0,5.0,1,0.0,0.0,0.38461538461538464,0.07692307692307693,0.0,0.6153846153846154,R.Douglas,914.0,R.Douglas,4041.0,1.4223194748358863,0.358075183425955
2022,00-0033566,D.King,8,0.0,6.0,2.0,0,0.0,0.0,0.25,0.0,0.0,0.75,D.King,918.0,D.King,2754.0,0.8714596949891068,-0.19278459642082446
2022,00-0033697,M.Davis,15,0.0,14.0,1.0,0,0.0,0.0,0.06666666666666667,0.0,0.0,0.9333333333333333,M.Davis,838.0,M.Davis,3672.0,1.7899761336515514,0.7257318422416201
2022,00-0033783,A.Witherspoon,2,0.0,1.0,1.0,0,0.0,0.0,0.5,0.0,0.0,0.5,A.Witherspoon,248.0,A.Witherspoon,2701.0,0.8064516129032258,-0.2577926785067055
2022,00-0033874,M.Lattimore,4,0.0,3.0,1.0,1,0.0,0.0,0.25,0.25,0.0,0.75,M.Lattimore,415.0,M.Lattimore,3644.0,0.9638554216867471,-0.10038886972318417
2022,00-0033878,A.Jackson,7,0.0,7.0,0.0,0,0.0,0.0,0.0,0.0,0.0,1.0,A.Jackson,673.0,A.Jackson,2923.0,1.040118870728083,-0.024125420681848198
2022,00-0033884,T.White,6,0.0,5.0,1.0,0,0.0,0.0,0.16666666666666666,0.0,0.0,0.8333333333333334,T.White,451.0,T.White,2762.0,1.3303769401330376,0.2661326487231064
2022,00-0033903,J.Jones,1,0.0,1.0,0.0,0,0.0,0.0,0.0,0.0,0.0,1.0,J.Jones,323.0,J.Jones,7768.0,0.30959752321981426,-0.754646768190117
2022,00-0033918,F.Moreau,10,0.0,10.0,0.0,0,0.0,0.0,0.0,0.0,0.0,1.0,F.Moreau,860.0,F.Moreau,2888.0,1.1627906976744187,0.09854640626448741
2022,00-0033926,S.Griffin,4,0.0,4.0,0.0,0,0.0,0.0,0.0,0.0,0.0,1.0,S.Griffin,336.0,S.Griffin,3071.0,1.1904761904761905,0.1262318990662592
2022,00-0033927,J.Johnson,4,0.0,3.0,1.0,0,0.0,0.0,0.25,0.0,0.0,0.75,J.Johnson,658.0,J.Johnson,3431.0,0.60790273556231,-0.45634155584762126
2022,00-0033928,J.Lewis,1,0.0,0.0,1.0,0,0.0,0.0,1.0,0.0,0.0,0.0,J.Lewis,316.0,J.Lewis,3622.0,0.31645569620253167,-0.7477885952073996
2022,00-0033930,C.Sutton,15,0.0,12.0,3.0,0,0.0,0.0,0.2,0.0,0.0,0.8,C.Sutton,931.0,C.Sutton,4202.0,1.611170784103115,0.5469264926931838
2022,00-0034203,D.Williams,16,0.0,15.0,1.0,1,0.0,0.0,0.0625,0.0625,0.0,0.9375,D.Williams,1074.0,D.Williams,5209.0,1.48975791433892,0.42551362292898864
2022,00-0034356,D.Jackson,3,0.0,1.0,2.0,1,0.0,0.0,0.6666666666666666,0.3333333333333333,0.0,0.3333333333333333,D.Jackson,884.0,D.Jackson,6041.0,0.3393665158371041,-0.7248777755728272
2022,00-0034376,T.Johnson,9,0.0,8.0,1.0,0,0.0,0.0,0.1111111111111111,0.0,0.0,0.8888888888888888,T.Johnson,1114.0,T.Johnson,4893.0,0.807899461400359,-0.2563448300095723
2022,00-0034384,D.Reed,12,0.0,11.0,1.0,0,0.0,0.0,0.08333333333333333,0.0,0.0,0.9166666666666666,D.Reed,1136.0,D.Reed,4545.0,1.056338028169014,-0.007906263240917255
2022,00-0034468,C.Sullivan,7,0.0,7.0,0.0,0,0.0,0.0,0.0,0.0,0.0,1.0,C.Sullivan,1009.0,C.Sullivan,3082.0,0.6937561942517344,-0.37048809715819686
2022,00-0034514,L.Wallace,13,0.0,8.0,5.0,0,0.0,0.0,0.38461538461538464,0.0,0.0,0.6153846153846154,L.Wallace,709.0,L.Wallace,3488.0,1.8335684062059237,0.7693241147959924
2022,00-0034573,C.Ward,11,0.0,10.0,1.0,0,0.0,0.0,0.09090909090909091,0.0,0.0,0.9090909090909091,C.Ward,1144.0,C.Ward,4868.0,0.9615384615384616,-0.1027058298714697
2022,00-0034728,J.Alexander,14,0.0,9.0,5.0,0,0.0,0.0,0.35714285714285715,0.0,0.0,0.6428571428571429,J.Alexander,901.0,J.Alexander,3016.0,1.553829078801332,0.48958478739140077
2022,00-0034778,C.Davis,12,0.0,11.0,1.0,0,0.0,0.0,0.08333333333333333,0.0,0.0,0.9166666666666666,C.Davis,879.0,C.Davis,4237.0,1.3651877133105803,0.30094342190064904
2022,00-0034856,D.Ward,15,0.0,12.0,3.0,0,0.0,0.0,0.2,0.0,0.0,0.8,D.Ward,748.0,D.Ward,3621.0,2.0053475935828877,0.9411033021729565
2022,00-0035133,K.Nixon,2,0.0,1.0,1.0,0,0.0,0.0,0.5,0.0,0.0,0.5,K.Nixon,289.0,K.Nixon,2536.0,0.6920415224913495,-0.37220276891858173
2022,00-0035144,M.Wilson,1,0.0,0.0,1.0,0,0.0,0.0,1.0,0.0,0.0,0.0,M.Wilson,777.0,M.Wilson,2523.0,0.1287001287001287,-0.9355441627098026
2022,00-0035236,B.Murphy,4,0.0,4.0,0.0,0,0.0,0.0,0.0,0.0,0.0,1.0,B.Murphy,593.0,B.Murphy,4228.0,0.6745362563237773,-0.3897080350861539
2022,00-0035239,S.Murphy-Bunting,7,0.0,5.0,2.0,0,0.0,0.0,0.2857142857142857,0.0,0.0,0.7142857142857143,S.Murphy-Bunting,497.0,S.Murphy-Bunting,3588.0,1.4084507042253522,0.34420641281542097
2022,00-0035270,A.Oruwariye,3,0.0,3.0,0.0,0,0.0,0.0,0.0,0.0,0.0,1.0,A.Oruwariye,477.0,A.Oruwariye,2729.0,0.628930817610063,-0.4353134737998683
2022,00-0035277,M.Jackson,12,0.0,11.0,1.0,0,0.0,0.0,0.08333333333333333,0.0,0.0,0.9166666666666666,M.Jackson,1147.0,M.Jackson,2853.0,1.046207497820401,-0.018036793589530253
2022,00-0035290,J.Johnson,1,0.0,0.0,1.0,0,0.0,0.0,1.0,0.0,0.0,0.0,J.Johnson,658.0,J.Johnson,3431.0,0.1519756838905775,-0.9122686075193538
2022,00-0035699,J.Dean,8,0.0,6.0,2.0,0,0.0,0.0,0.25,0.0,0.0,0.75,J.Dean,885.0,J.Dean,4122.0,0.903954802259887,-0.16028948915004426
2022,00-0036068,J.Jones,1,0.0,1.0,0.0,0,0.0,0.0,0.0,0.0,0.0,1.0,J.Jones,323.0,J.Jones,7768.0,0.30959752321981426,-0.754646768190117
2022,00-0036166,D.Jackson,12,0.0,10.0,2.0,0,0.0,0.0,0.16666666666666666,0.0,0.0,0.8333333333333334,D.Jackson,884.0,D.Jackson,6041.0,1.3574660633484164,0.2932217719384851
2022,00-0036285,A.Terrell,9,0.0,9.0,0.0,0,0.0,0.0,0.0,0.0,0.0,1.0,A.Terrell,799.0,A.Terrell,4640.0,1.1264080100125156,0.062163718602584295
2022,00-0036292,J.Johnson,7,0.0,7.0,0.0,0,0.0,0.0,0.0,0.0,0.0,1.0,J.Johnson,658.0,J.Johnson,3431.0,1.0638297872340425,-0.00041450417588873023
2022,00-0036361,T.Diggs,14,0.0,11.0,3.0,0,0.0,0.0,0.21428571428571427,0.0,0.0,0.7857142857142857,T.Diggs,1264.0,T.Diggs,3716.0,1.1075949367088607,0.0433506452989294
2022,00-0036374,L.Sneed,11,0.0,8.0,3.0,0,0.0,0.0,0.2727272727272727,0.0,0.0,0.7272727272727273,L.Sneed,1245.0,L.Sneed,4394.0,0.8835341365461846,-0.18071015486374664
2022,00-0036416,K.Fulton,5,0.0,4.0,1.0,0,0.0,0.0,0.2,0.0,0.0,0.8,K.Fulton,653.0,K.Fulton,3041.0,0.7656967840735069,-0.2985475073364243
2022,00-0036563,D.Lenoir,5,0.0,4.0,1.0,0,0.0,0.0,0.2,0.0,0.0,0.8,D.Lenoir,1072.0,D.Lenoir,3430.0,0.46641791044776115,-0.5978263809621701
2022,00-0036625,B.St-Juste,7,0.0,5.0,2.0,0,0.0,0.0,0.2857142857142857,0.0,0.0,0.7142857142857143,B.St-Juste,655.0,B.St-Juste,2851.0,1.0687022900763359,0.004457998666404617
2022,00-0036871,N.Hobbs,4,0.0,4.0,0.0,0,0.0,0.0,0.0,0.0,0.0,1.0,N.Hobbs,669.0,N.Hobbs,2895.0,0.5979073243647235,-0.4663369670452078
2022,00-0036884,M.Wilson,10,0.0,7.0,3.0,1,0.0,0.0,0.3,0.1,0.0,0.7,M.Wilson,777.0,M.Wilson,2523.0,1.287001287001287,0.22275699559135576
2022,00-0036937,P.Adebo,7,0.0,7.0,0.0,0,0.0,0.0,0.0,0.0,0.0,1.0,P.Adebo,812.0,P.Adebo,2992.0,0.8620689655172413,-0.20217532589268994
2022,00-0036974,T.Campbell,15,0.0,11.0,4.0,0,0.0,0.0,0.26666666666666666,0.0,0.0,0.7333333333333333,T.Campbell,31.0,T.Campbell,4531.0,48.38709677419355,47.32285248278362
2022,00-0037191,T.McDuffie,7,0.0,7.0,0.0,0,0.0,0.0,0.0,0.0,0.0,1.0,T.McDuffie,851.0,T.McDuffie,3300.0,0.8225616921269095,-0.24168259928302172
2022,00-0037353,K.Kohou,10,0.0,9.0,1.0,0,0.0,0.0,0.1,0.0,0.0,0.9,K.Kohou,810.0,K.Kohou,2504.0,1.2345679012345678,0.17032360982463657
2022,00-0037826,D.Jackson,8,0.0,7.0,1.0,0,0.0,0.0,0.125,0.0,0.0,0.875,D.Jackson,884.0,D.Jackson,6041.0,0.904977375565611,-0.1592669158443203
2022,00-0038121,A.Taylor,11,0.0,10.0,1.0,0,0.0,0.0,0.09090909090909091,0.0,0.0,0.9090909090909091,A.Taylor,644.0,A.Taylor,2670.0,1.7080745341614907,0.6438302427515594
2023,00-0027943,P.Peterson,11,0.0,8.0,3.0,0,0.0,0.0,0.2727272727272727,0.0,0.0,0.7272727272727273,P.Peterson,1162.0,P.Peterson,4259.0,0.9466437177280551,-0.11760057368187615
2023,00-0029542,S.Gilmore,13,0.0,11.0,2.0,0,0.0,0.0,0.15384615384615385,0.0,0.0,0.8461538461538461,S.Gilmore,1058.0,S.Gilmore,3909.0,1.2287334593572778,0.16448916794734658
2023,00-0030062,D.Slay,15,0.0,13.0,2.0,1,0.0,0.0,0.13333333333333333,0.06666666666666667,0.0,0.8666666666666667,D.Slay,874.0,D.Slay,4877.0,1.7162471395881007,0.6520028481781694
2023,00-0031785,T.Hill,6,0.0,5.0,1.0,1,0.0,0.0,0.16666666666666666,0.16666666666666666,0.0,0.8333333333333334,T.Hill,494.0,T.Hill,3074.0,1.214574898785425,0.15033060737549375
2023,00-0031795,D.Williams,1,0.0,1.0,0.0,0,0.0,0.0,0.0,0.0,0.0,1.0,D.Williams,1035.0,D.Williams,5209.0,0.0966183574879227,-0.9676259339220086
2023,00-0032150,S.Nelson,12,0.0,8.0,4.0,0,0.0,0.0,0.3333333333333333,0.0,0.0,0.6666666666666666,S.Nelson,1193.0,S.Nelson,4034.0,1.0058675607711651,-0.05837673063876614
2023,00-0032195,R.Darby,7,0.0,7.0,0.0,0,0.0,0.0,0.0,0.0,0.0,1.0,R.Darby,555.0,R.Darby,3244.0,1.2612612612612613,0.19701696985133
2023,00-0032379,E.Apple,9,0.0,8.0,1.0,0,0.0,0.0,0.1111111111111111,0.0,0.0,0.8888888888888888,E.Apple,620.0,E.Apple,3038.0,1.4516129032258065,0.38736861181587523
2023,00-0032521,M.Hilton,8,0.0,5.0,3.0,0,0.0,0.0,0.375,0.0,0.0,0.625,M.Hilton,878.0,M.Hilton,4001.0,0.9111617312072893,-0.153082560202642
2023,00-0032580,J.Jones,4,0.0,4.0,0.0,0,0.0,0.0,0.0,0.0,0.0,1.0,J.Jones,466.0,J.Jones,7768.0,0.8583690987124464,-0.2058751926974849
2023,00-0032890,J.Bradberry,13,0.0,11.0,2.0,0,0.0,0.0,0.15384615384615385,0.0,0.0,0.8461538461538461,J.Bradberry,1091.0,J.Bradberry,4282.0,1.1915673693858846,0.12732307797595332
2023,00-0033050,X.Howard,12,0.0,10.0,2.0,0,0.0,0.0,0.16666666666666666,0.0,0.0,0.8333333333333334,X.Howard,745.0,X.Howard,3733.0,1.6107382550335572,0.5464939636236259
2023,00-0033055,J.Ramsey,5,0.0,2.0,3.0,0,0.0,0.0,0.6,0.0,0.0,0.4,J.Ramsey,659.0,J.Ramsey,5119.0,0.7587253414264037,-0.3055189499835276
2023,00-0033084,K.Fuller,9,0.0,7.0,2.0,0,0.0,0.0,0.2222222222222222,0.0,0.0,0.7777777777777778,K.Fuller,1021.0,K.Fuller,5378.0,0.881488736532811,-0.18275555487712025
2023,00-0033281,M.Humphrey,5,0.0,3.0,2.0,0,0.0,0.0,0.4,0.0,0.0,0.6,M.Humphrey,554.0,M.Humphrey,4147.0,0.9025270758122743,-0.16171721559765695
2023,00-0033393,K.Moore,6,0.0,3.0,3.0,2,0.0,0.0,0.5,0.3333333333333333,0.0,0.5,K.Moore,1088.0,K.Moore,4855.0,0.5514705882352942,-0.5127737031746371
2023,00-0033548,C.Awuzie,6,0.0,6.0,0.0,0,0.0,0.0,0.0,0.0,0.0,1.0,C.Awuzie,722.0,C.Awuzie,2858.0,0.8310249307479225,-0.23321936066200877
2023,00-0033551,R.Douglas,14,0.0,8.0,6.0,1,0.0,0.0,0.42857142857142855,0.07142857142857142,0.0,0.5714285714285714,R.Douglas,1040.0,R.Douglas,4041.0,1.3461538461538463,0.281909554743915
2023,00-0033566,D.King,2,0.0,2.0,0.0,0,0.0,0.0,0.0,0.0,0.0,1.0,D.King,400.0,D.King,2754.0,0.5,-0.5642442914099313
2023,00-0033697,M.Davis,10,0.0,9.0,1.0,0,0.0,0.0,0.1,0.0,0.0,0.9,M.Davis,885.0,M.Davis,3672.0,1.1299435028248588,0.06569921141492752
2023,00-0033783,A.Witherspoon,14,0.0,11.0,3.0,0,0.0,0.0,0.21428571428571427,0.0,0.0,0.7857142857142857,A.Witherspoon,1115.0,A.Witherspoon,2701.0,1.2556053811659191,0.19136108975598787
2023,00-0033874,M.Lattimore,8,0.0,7.0,1.0,0,0.0,0.0,0.125,0.0,0.0,0.875,M.Lattimore,622.0,M.Lattimore,3644.0,1.2861736334405145,0.22192934203058323
2023,00-0033878,A.Jackson,8,0.0,7.0,1.0,1,0.0,0.0,0.125,0.125,0.0,0.875,A.Jackson,792.0,A.Jackson,2923.0,1.0101010101010102,-0.0541432813089211
2023,00-0033884,T.White,2,0.0,1.0,1.0,0,0.0,0.0,0.5,0.0,0.0,0.5,T.White,182.0,T.White,2762.0,1.098901098901099,0.03465680749116773
2023,00-0033918,F.Moreau,7,0.0,6.0,1.0,0,0.0,0.0,0.14285714285714285,0.0,0.0,0.8571428571428571,F.Moreau,740.0,F.Moreau,2888.0,0.945945945945946,-0.11829834546398521
2023,00-0033926,S.Griffin,5,0.0,4.0,1.0,0,0.0,0.0,0.2,0.0,0.0,0.8,S.Griffin,459.0,S.Griffin,3071.0,1.0893246187363834,0.025080327326452156
2023,00-0033927,J.Johnson,6,0.0,4.0,2.0,0,0.0,0.0,0.3333333333333333,0.0,0.0,0.6666666666666666,J.Johnson,808.0,J.Johnson,3431.0,0.7425742574257426,-0.3216700339841887
2023,00-0033928,J.Lewis,5,0.0,4.0,1.0,0,0.0,0.0,0.2,0.0,0.0,0.8,J.Lewis,774.0,J.Lewis,3622.0,0.6459948320413437,-0.4182494593685876
2023,00-0033930,C.Sutton,6,0.0,5.0,1.0,0,0.0,0.0,0.16666666666666666,0.0,0.0,0.8333333333333334,C.Sutton,1263.0,C.Sutton,4202.0,0.4750593824228029,-0.5891849089871284
2023,00-0034356,D.Jackson,5,0.0,5.0,0.0,0,0.0,0.0,0.0,0.0,0.0,1.0,D.Jackson,578.0,D.Jackson,6041.0,0.8650519031141869,-0.19919238829574437
2023,00-0034384,D.Reed,9,0.0,8.0,1.0,0,0.0,0.0,0.1111111111111111,0.0,0.0,0.8888888888888888,D.Reed,993.0,D.Reed,4545.0,0.906344410876133,-0.15789988053379822
2023,00-0034468,C.Sullivan,6,0.0,5.0,1.0,0,0.0,0.0,0.16666666666666666,0.0,0.0,0.8333333333333334,C.Sullivan,442.0,C.Sullivan,3082.0,1.3574660633484164,0.2932217719384851
2023,00-0034514,L.Wallace,11,0.0,9.0,2.0,0,0.0,0.0,0.18181818181818182,0.0,0.0,0.8181818181818182,L.Wallace,762.0,L.Wallace,3488.0,1.4435695538057742,0.37932526239584297
2023,00-0034573,C.Ward,23,0.0,17.0,6.0,1,0.0,0.0,0.2608695652173913,0.043478260869565216,0.0,0.7391304347826086,C.Ward,1148.0,C.Ward,4868.0,2.003484320557491,0.9392400291475598
2023,00-0034728,J.Alexander,5,0.0,4.0,1.0,0,0.0,0.0,0.2,0.0,0.0,0.8,J.Alexander,561.0,J.Alexander,3016.0,0.8912655971479502,-0.1729786942619811
2023,00-0034778,C.Davis,9,0.0,7.0,2.0,0,0.0,0.0,0.2222222222222222,0.0,0.0,0.7777777777777778,C.Davis,847.0,C.Davis,4237.0,1.062573789846517,-0.001670501563414195
2023,00-0034856,D.Ward,11,0.0,9.0,2.0,0,0.0,0.0,0.18181818181818182,0.0,0.0,0.8181818181818182,D.Ward,662.0,D.Ward,3621.0,1.6616314199395772,0.5973871285296459
2023,00-0035133,K.Nixon,6,0.0,5.0,1.0,0,0.0,0.0,0.16666666666666666,0.0,0.0,0.8333333333333334,K.Nixon,938.0,K.Nixon,2536.0,0.6396588486140725,-0.42458544279585875
2023,00-0035144,M.Wilson,3,0.0,3.0,0.0,0,0.0,0.0,0.0,0.0,0.0,1.0,M.Wilson,705.0,M.Wilson,2523.0,0.425531914893617,-0.6387123765163143
2023,00-0035236,B.Murphy,13,0.0,10.0,3.0,0,0.0,0.0,0.23076923076923078,0.0,0.0,0.7692307692307693,B.Murphy,908.0,B.Murphy,4228.0,1.4317180616740088,0.36747377026407757
2023,00-0035239,S.Murphy-Bunting,8,0.0,6.0,2.0,0,0.0,0.0,0.25,0.0,0.0,0.75,S.Murphy-Bunting,840.0,S.Murphy-Bunting,3588.0,0.9523809523809524,-0.11186333902897883
2023,00-0035277,M.Jackson,5,0.0,5.0,0.0,0,0.0,0.0,0.0,0.0,0.0,1.0,M.Jackson,472.0,M.Jackson,2853.0,1.059322033898305,-0.004922257511626338
2023,00-0035699,J.Dean,4,0.0,4.0,0.0,0,0.0,0.0,0.0,0.0,0.0,1.0,J.Dean,825.0,J.Dean,4122.0,0.48484848484848486,-0.5793958065614464
2023,00-0036166,D.Jackson,5,0.0,5.0,0.0,0,0.0,0.0,0.0,0.0,0.0,1.0,D.Jackson,578.0,D.Jackson,6041.0,0.8650519031141869,-0.19919238829574437
2023,00-0036285,A.Terrell,11,0.0,11.0,0.0,0,0.0,0.0,0.0,0.0,0.0,1.0,A.Terrell,1065.0,A.Terrell,4640.0,1.0328638497652582,-0.03138044164467302
2023,00-0036292,J.Johnson,10,0.0,5.0,5.0,1,0.0,0.0,0.5,0.1,0.0,0.5,J.Johnson,808.0,J.Johnson,3431.0,1.2376237623762376,0.17337947096630635
2023,00-0036361,T.Diggs,3,0.0,1.0,2.0,1,0.0,0.0,0.6666666666666666,0.3333333333333333,0.0,0.3333333333333333,T.Diggs,101.0,T.Diggs,3716.0,2.9702970297029703,1.906052738293039
2023,00-0036374,L.Sneed,14,0.0,12.0,2.0,0,0.0,0.0,0.14285714285714285,0.0,0.0,0.8571428571428571,L.Sneed,1262.0,L.Sneed,4394.0,1.109350237717908,0.04510594630797682
2023,00-0036416,K.Fulton,5,0.0,5.0,0.0,0,0.0,0.0,0.0,0.0,0.0,1.0,K.Fulton,645.0,K.Fulton,3041.0,0.7751937984496124,-0.2890504929603188
2023,00-0036563,D.Lenoir,10,0.0,6.0,4.0,0,0.0,0.0,0.4,0.0,0.0,0.6,D.Lenoir,1198.0,D.Lenoir,3430.0,0.8347245409015025,-0.22951975050842877
2023,00-0036625,B.St-Juste,17,0.0,16.0,1.0,0,0.0,0.0,0.058823529411764705,0.0,0.0,0.9411764705882353,B.St-Juste,1064.0,B.St-Juste,2851.0,1.5977443609022555,0.5335000694923242
2023,00-0036871,N.Hobbs,7,0.0,6.0,1.0,0,0.0,0.0,0.14285714285714285,0.0,0.0,0.8571428571428571,N.Hobbs,776.0,N.Hobbs,2895.0,0.902061855670103,-0.16218243573982827
2023,00-0036937,P.Adebo,18,0.0,14.0,4.0,0,0.0,0.0,0.2222222222222222,0.0,0.0,0.7777777777777778,P.Adebo,949.0,P.Adebo,2992.0,1.8967334035827188,0.8324891121727875
2023,00-0037191,T.McDuffie,7,0.0,7.0,0.0,0,0.0,0.0,0.0,0.0,0.0,1.0,T.McDuffie,1243.0,T.McDuffie,3300.0,0.5631536604987932,-0.501090630911138
2023,00-0037353,K.Kohou,10,0.0,9.0,1.0,1,0.0,0.0,0.1,0.1,0.0,0.9,K.Kohou,986.0,K.Kohou,2504.0,1.0141987829614605,-0.05004550844847078
2023,00-0037663,J.Johnson,7,0.0,4.0,3.0,1,0.0,0.0,0.42857142857142855,0.14285714285714285,0.0,0.5714285714285714,J.Johnson,808.0,J.Johnson,3431.0,0.8663366336633664,-0.19790765774656482
2023,00-0037826,D.Jackson,1,0.0,1.0,0.0,0,0.0,0.0,0.0,0.0,0.0,1.0,D.Jackson,578.0,D.Jackson,6041.0,0.17301038062283738,-0.8912339107870939
2023,00-0038039,J.Jones,5,0.0,3.0,2.0,2,0.0,0.0,0.4,0.4,0.0,0.6,J.Jones,466.0,J.Jones,7768.0,1.0729613733905579,0.008717081980626595
2023,00-0038121,A.Taylor,14,0.0,12.0,2.0,0,0.0,0.0,0.14285714285714285,0.0,0.0,0.8571428571428571,A.Taylor,950.0,A.Taylor,2670.0,1.4736842105263157,0.40943991911638444
2023,00-0038407,J.Jones,5,0.0,5.0,0.0,0,0.0,0.0,0.0,0.0,0.0,1.0,J.Jones,466.0,J.Jones,7768.0,1.0729613733905579,0.008717081980626595
2023,00-0038557,D.Williams,1,0.0,1.0,0.0,0,0.0,0.0,0.0,0.0,0.0,1.0,D.Williams,1035.0,D.Williams,5209.0,0.0966183574879227,-0.9676259339220086
2024,00-0029542,S.Gilmore,9,0.0,8.0,1.0,0,0.0,0.0,0.1111111111111111,0.0,0.0,0.8888888888888888,S.Gilmore,908.0,S.Gilmore,3909.0,0.9911894273127754,-0.07305486409715589
2024,00-0030062,D.Slay,13,0.0,12.0,1.0,0,0.0,0.0,0.07692307692307693,0.0,0.0,0.9230769230769231,D.Slay,947.0,D.Slay,4877.0,1.3727560718057021,0.3085117803957709
2024,00-0031785,T.Hill,1,0.0,1.0,0.0,0,0.0,0.0,0.0,0.0,0.0,1.0,T.Hill,236.0,T.Hill,3074.0,0.423728813559322,-0.6405154778506092
2024,00-0032195,R.Darby,9,0.0,9.0,0.0,0,0.0,0.0,0.0,0.0,0.0,1.0,R.Darby,659.0,R.Darby,3244.0,1.3657056145675266,0.30146132315759533
2024,00-0032379,E.Apple,1,0.0,1.0,0.0,0,0.0,0.0,0.0,0.0,0.0,1.0,E.Apple,47.0,E.Apple,3038.0,2.127659574468085,1.0634152830581538
2024,00-0032521,M.Hilton,5,0.0,4.0,1.0,0,0.0,0.0,0.2,0.0,0.0,0.8,M.Hilton,739.0,M.Hilton,4001.0,0.6765899864682002,-0.38765430494173103
2024,00-0032580,J.Jones,6,0.0,6.0,0.0,0,0.0,0.0,0.0,0.0,0.0,1.0,J.Jones,1049.0,J.Jones,7768.0,0.5719733079122974,-0.4922709834976339
2024,00-0033055,J.Ramsey,11,0.0,9.0,2.0,0,0.0,0.0,0.18181818181818182,0.0,0.0,0.8181818181818182,J.Ramsey,1027.0,J.Ramsey,5119.0,1.071080817916261,0.00683652650632971
2024,00-0033084,K.Fuller,7,0.0,7.0,0.0,0,0.0,0.0,0.0,0.0,0.0,1.0,K.Fuller,556.0,K.Fuller,5378.0,1.2589928057553956,0.19474851434546436
2024,00-0033281,M.Humphrey,15,0.0,9.0,6.0,1,0.0,0.0,0.4,0.06666666666666667,0.0,0.6,M.Humphrey,1000.0,M.Humphrey,4147.0,1.5,0.43575570859006874
2024,00-0033393,K.Moore,7,0.0,4.0,3.0,0,0.0,0.0,0.42857142857142855,0.0,0.0,0.5714285714285714,K.Moore,1012.0,K.Moore,4855.0,0.691699604743083,-0.37254468666684826
2024,00-0033548,C.Awuzie,4,0.0,3.0,1.0,0,0.0,0.0,0.25,0.0,0.0,0.75,C.Awuzie,373.0,C.Awuzie,2858.0,1.0723860589812333,0.008141767571302028
2024,00-0033551,R.Douglas,5,0.0,5.0,0.0,0,0.0,0.0,0.0,0.0,0.0,1.0,R.Douglas,996.0,R.Douglas,4041.0,0.5020080321285141,-0.5622362592814172
2024,00-0033697,M.Davis,1,0.0,1.0,0.0,0,0.0,0.0,0.0,0.0,0.0,1.0,M.Davis,138.0,M.Davis,3672.0,0.7246376811594203,-0.339606610250511
2024,00-0033783,A.Witherspoon,9,0.0,8.0,1.0,0,0.0,0.0,0.1111111111111111,0.0,0.0,0.8888888888888888,A.Witherspoon,599.0,A.Witherspoon,2701.0,1.5025041736227045,0.43825988221277323
2024,00-0033874,M.Lattimore,5,0.0,5.0,0.0,0,0.0,0.0,0.0,0.0,0.0,1.0,M.Lattimore,689.0,M.Lattimore,3644.0,0.7256894049346879,-0.33855488647524334
2024,00-0033878,A.Jackson,5,0.0,5.0,0.0,0,0.0,0.0,0.0,0.0,0.0,1.0,A.Jackson,427.0,A.Jackson,2923.0,1.1709601873536302,0.1067158959436989
2024,00-0033884,T.White,5,0.0,5.0,0.0,0,0.0,0.0,0.0,0.0,0.0,1.0,T.White,446.0,T.White,2762.0,1.1210762331838564,0.05683194177392514
2024,00-0033918,F.Moreau,1,0.0,1.0,0.0,0,0.0,0.0,0.0,0.0,0.0,1.0,F.Moreau,103.0,F.Moreau,2888.0,0.9708737864077669,-0.09337050500216437
2024,00-0033926,S.Griffin,6,0.0,4.0,2.0,0,0.0,0.0,0.3333333333333333,0.0,0.0,0.6666666666666666,S.Griffin,597.0,S.Griffin,3071.0,1.0050251256281406,-0.05921916578179065
2024,00-0033927,J.Johnson,1,0.0,0.0,1.0,0,0.0,0.0,1.0,0.0,0.0,0.0,J.Johnson,1032.0,J.Johnson,3431.0,0.09689922480620156,-0.9673450666037298
2024,00-0033928,J.Lewis,8,0.0,6.0,2.0,0,0.0,0.0,0.25,0.0,0.0,0.75,J.Lewis,872.0,J.Lewis,3622.0,0.9174311926605505,-0.14681309874938075
2024,00-0033930,C.Sutton,3,0.0,3.0,0.0,0,0.0,0.0,0.0,0.0,0.0,1.0,C.Sutton,273.0,C.Sutton,4202.0,1.098901098901099,0.03465680749116773
2024,00-0034203,D.Williams,7,0.0,6.0,1.0,0,0.0,0.0,0.14285714285714285,0.0,0.0,0.8571428571428571,D.Williams,866.0,D.Williams,5209.0,0.8083140877598153,-0.255930203650116
2024,00-0034356,D.Jackson,8,0.0,3.0,5.0,0,0.0,0.0,0.625,0.0,0.0,0.375,D.Jackson,280.0,D.Jackson,6041.0,2.857142857142857,1.792898565732926
2024,00-0034384,D.Reed,10,0.0,10.0,0.0,0,0.0,0.0,0.0,0.0,0.0,1.0,D.Reed,880.0,D.Reed,4545.0,1.1363636363636365,0.0721193449537052
2024,00-0034514,L.Wallace,2,0.0,2.0,0.0,0,0.0,0.0,0.0,0.0,0.0,1.0,L.Wallace,307.0,L.Wallace,3488.0,0.6514657980456027,-0.4127784933643286
2024,00-0034573,C.Ward,7,0.0,7.0,0.0,0,0.0,0.0,0.0,0.0,0.0,1.0,C.Ward,695.0,C.Ward,4868.0,1.0071942446043165,-0.05705004680561476
2024,00-0034728,J.Alexander,7,0.0,5.0,2.0,1,0.0,0.0,0.2857142857142857,0.14285714285714285,0.0,0.7142857142857143,J.Alexander,361.0,J.Alexander,3016.0,1.9390581717451523,0.874813880335221
2024,00-0034778,C.Davis,11,0.0,9.0,2.0,0,0.0,0.0,0.18181818181818182,0.0,0.0,0.8181818181818182,C.Davis,697.0,C.Davis,4237.0,1.5781922525107603,0.5139479611008291
2024,00-0034856,D.Ward,19,0.0,16.0,3.0,0,0.0,0.0,0.15789473684210525,0.0,0.0,0.8421052631578947,D.Ward,759.0,D.Ward,3621.0,2.503293807641634,1.4390495162317025
2024,00-0035133,K.Nixon,7,0.0,6.0,1.0,0,0.0,0.0,0.14285714285714285,0.0,0.0,0.8571428571428571,K.Nixon,1079.0,K.Nixon,2536.0,0.6487488415199258,-0.4154954498900054
2024,00-0035236,B.Murphy,14,0.0,8.0,6.0,0,0.0,0.0,0.42857142857142855,0.0,0.0,0.5714285714285714,B.Murphy,1113.0,B.Murphy,4228.0,1.257861635220126,0.1936173438101947
2024,00-0035239,S.Murphy-Bunting,5,0.0,2.0,3.0,0,0.0,0.0,0.6,0.0,0.0,0.4,S.Murphy-Bunting,728.0,S.Murphy-Bunting,3588.0,0.6868131868131868,-0.37743110459674445
2024,00-0035270,A.Oruwariye,3,0.0,2.0,1.0,0,0.0,0.0,0.3333333333333333,0.0,0.0,0.6666666666666666,A.Oruwariye,286.0,A.Oruwariye,2729.0,1.048951048951049,-0.015293242458882306
2024,00-0035277,M.Jackson,16,0.0,14.0,2.0,0,0.0,0.0,0.125,0.0,0.0,0.875,M.Jackson,1205.0,M.Jackson,2853.0,1.3278008298755186,0.26355653846558735
2024,00-0035699,J.Dean,7,0.0,6.0,1.0,0,0.0,0.0,0.14285714285714285,0.0,0.0,0.8571428571428571,J.Dean,745.0,J.Dean,4122.0,0.9395973154362416,-0.12464697597368968
2024,00-0036166,D.Jackson,2,0.0,2.0,0.0,0,0.0,0.0,0.0,0.0,0.0,1.0,D.Jackson,280.0,D.Jackson,6041.0,0.7142857142857143,-0.34995857712421696
2024,00-0036285,A.Terrell,6,0.0,4.0,2.0,0,0.0,0.0,0.3333333333333333,0.0,0.0,0.6666666666666666,A.Terrell,1085.0,A.Terrell,4640.0,0.5529953917050692,-0.5112488997048621
2024,00-0036292,J.Johnson,8,0.0,6.0,2.0,0,0.0,0.0,0.25,0.0,0.0,0.75,J.Johnson,1032.0,J.Johnson,3431.0,0.7751937984496124,-0.2890504929603188
2024,00-0036361,T.Diggs,11,0.0,9.0,2.0,0,0.0,0.0,0.18181818181818182,0.0,0.0,0.8181818181818182,T.Diggs,685.0,T.Diggs,3716.0,1.6058394160583942,0.5415951246484629
2024,00-0036416,K.Fulton,7,0.0,6.0,1.0,0,0.0,0.0,0.14285714285714285,0.0,0.0,0.8571428571428571,K.Fulton,827.0,K.Fulton,3041.0,0.8464328899637243,-0.21781140144620692
2024,00-0036563,D.Lenoir,9,0.0,6.0,3.0,0,0.0,0.0,0.3333333333333333,0.0,0.0,0.6666666666666666,D.Lenoir,923.0,D.Lenoir,3430.0,0.9750812567713976,-0.0891630346385337
2024,00-0036625,B.St-Juste,6,0.0,6.0,0.0,0,0.0,0.0,0.0,0.0,0.0,1.0,B.St-Juste,861.0,B.St-Juste,2851.0,0.6968641114982579,-0.3673801799116734
2024,00-0036871,N.Hobbs,5,0.0,4.0,1.0,0,0.0,0.0,0.2,0.0,0.0,0.8,N.Hobbs,556.0,N.Hobbs,2895.0,0.8992805755395683,-0.16496371587036296
2024,00-0036884,M.Wilson,2,0.0,2.0,0.0,0,0.0,0.0,0.0,0.0,0.0,1.0,M.Wilson,242.0,M.Wilson,2523.0,0.8264462809917356,-0.2377980104181957
2024,00-0036937,P.Adebo,10,0.0,6.0,4.0,0,0.0,0.0,0.4,0.0,0.0,0.6,P.Adebo,438.0,P.Adebo,2992.0,2.28310502283105,1.2188607314211186
2024,00-0036974,T.Campbell,6,0.0,5.0,1.0,0,0.0,0.0,0.16666666666666666,0.0,0.0,0.8333333333333334,T.Campbell,767.0,T.Campbell,4531.0,0.7822685788787485,-0.2819757125311828
2024,00-0037106,J.Jones,2,0.0,2.0,0.0,0,0.0,0.0,0.0,0.0,0.0,1.0,J.Jones,1049.0,J.Jones,7768.0,0.19065776930409914,-0.8735865221058321
2024,00-0037191,T.McDuffie,13,0.0,11.0,2.0,0,0.0,0.0,0.15384615384615385,0.0,0.0,0.8461538461538461,T.McDuffie,1206.0,T.McDuffie,3300.0,1.077943615257048,0.013699323847116807
2024,00-0037353,K.Kohou,8,0.0,6.0,2.0,0,0.0,0.0,0.25,0.0,0.0,0.75,K.Kohou,708.0,K.Kohou,2504.0,1.1299435028248588,0.06569921141492752
2024,00-0038039,J.Jones,16,0.0,13.0,3.0,1,0.0,0.0,0.1875,0.0625,0.0,0.8125,J.Jones,1049.0,J.Jones,7768.0,1.5252621544327931,0.46101786302286185
2024,00-0038121,A.Taylor,16,0.0,16.0,0.0,0,0.0,0.0,0.0,0.0,0.0,1.0,A.Taylor,1076.0,A.Taylor,2670.0,1.486988847583643,0.42274455617371176
2024,00-0038407,J.Jones,12,0.0,10.0,2.0,0,0.0,0.0,0.16666666666666666,0.0,0.0,0.8333333333333334,J.Jones,1049.0,J.Jones,7768.0,1.1439466158245948,0.07970232441466352
2024,00-0039353,J.Jones,8,0.0,7.0,1.0,0,0.0,0.0,0.125,0.0,0.0,0.875,J.Jones,1049.0,J.Jones,7768.0,0.7626310772163966,-0.3016132141935347
