rank,player,season,games_played,tgt,incompletion_rate,int_rate,target_rate,yds_per_tgt,avg_rat,pca_score
1,Xavien Howard,2020,16,101,0.38613861386138615,0.09900990099009901,0.1111111111111111,7.118811881188119,58.13125,3.394125671399567
2,Jaire Alexander,2020,14,80,0.475,0.0125,0.08281573498964803,4.6875,67.54285714285714,2.986555839183435
3,Jalen Ramsey,2020,14,71,0.4788732394366197,0.014084507042253521,0.06531738730450783,4.985915492957746,71.04285714285714,2.953173602424522
4,Darious Williams,2020,15,72,0.4027777777777778,0.05555555555555555,0.07886089813800658,7.333333333333333,75.88666666666667,1.746866872536885
5,Kendall Fuller,2020,14,85,0.3411764705882353,0.047058823529411764,0.08799171842650104,6.5058823529411764,75.10000000000001,1.6060735331492628
6,Xavier Rhodes,2020,16,81,0.4567901234567901,0.024691358024691357,0.09142212189616253,6.950617283950617,77.175,1.529880600907449
7,Tre'Davious White,2020,14,65,0.38461538461538464,0.046153846153846156,0.061669829222011384,6.984615384615385,79.86153846153846,1.5062369456087392
8,Joe Haden,2020,14,79,0.46835443037974683,0.02531645569620253,0.09349112426035502,7.075949367088608,78.02857142857144,1.4863967980042014
9,Jamel Dean,2020,14,70,0.37142857142857144,0.014285714285714285,0.08293838862559241,5.714285714285714,84.24285714285715,1.1735212769627341
10,Jason Verrett,2020,13,75,0.30666666666666664,0.02666666666666667,0.09351620947630923,6.053333333333334,76.4,1.164210312765863
11,Michael Davis,2020,16,104,0.36538461538461536,0.028846153846153848,0.10855949895615867,6.961538461538462,76.58125,0.9418825614384334
12,Jourdan Lewis,2020,14,79,0.3670886075949367,0.0,0.0966952264381885,5.367088607594937,85.66428571428571,0.8898353830902
13,William Jackson III,2020,14,74,0.47297297297297297,0.013513513513513514,0.0835214446952596,7.418918918918919,83.77857142857144,0.8587853907175531
14,James Bradberry,2020,14,91,0.3516483516483517,0.03296703296703297,0.11234567901234568,6.450549450549451,82.42142857142858,0.8311209542422493
15,Marshon Lattimore,2020,14,85,0.4470588235294118,0.023529411764705882,0.09239130434782608,7.364705882352941,84.5,0.8020209692377633
16,Marcus Peters,2020,14,86,0.313953488372093,0.046511627906976744,0.09071729957805907,7.290697674418604,78.56428571428572,0.7945644425571049
17,Marlon Humphrey,2020,15,106,0.37735849056603776,0.009433962264150943,0.14402173913043478,6.1415094339622645,78.88666666666667,0.7292444060077751
18,Ronald Darby,2020,16,98,0.45918367346938777,0.0,0.09133271202236719,7.295918367346939,81.9875,0.6283811959070253
19,Charvarius Ward,2020,14,56,0.42857142857142855,0.0,0.05919661733615222,7.107142857142857,86.48571428571428,0.48039311476896457
20,Jackrabbit Jenkins,2020,13,80,0.375,0.0375,0.0936768149882904,8.1375,81.62307692307692,0.4494530568417629
21,Dre Kirkpatrick,2020,14,94,0.30851063829787234,0.031914893617021274,0.12876712328767123,7.0212765957446805,78.03571428571429,0.3825043014556206
22,Trayvon Mullen,2020,15,87,0.3563218390804598,0.022988505747126436,0.1001150747986191,6.942528735632184,85.94666666666667,0.282628214906059
23,Carlton Davis,2020,14,105,0.34285714285714286,0.0380952380952381,0.10076775431861804,8.142857142857142,80.47142857142856,0.27546154506618586
24,Mackensie Alexander,2020,13,56,0.2857142857142857,0.017857142857142856,0.08722741433021806,7.107142857142857,79.53076923076924,0.13493171625127962
25,Troy Hill,2020,16,91,0.26373626373626374,0.03296703296703297,0.08227848101265822,7.010989010989011,83.76875,0.10674853154036246
26,Taron Johnson,2020,16,79,0.31645569620253167,0.012658227848101266,0.08254963427377221,6.974683544303797,84.88125000000001,0.00893130986734411
27,Steven Nelson,2020,15,98,0.3979591836734694,0.02040816326530612,0.1180722891566265,7.469387755102041,89.34,-0.08260187260707394
28,Malcolm Butler,2020,16,127,0.33858267716535434,0.031496062992125984,0.16888297872340424,6.874015748031496,87.44375,-0.20588409515024272
29,Chandon Sullivan,2020,14,56,0.30357142857142855,0.017857142857142856,0.07115628970775095,7.214285714285714,88.74285714285715,-0.2437529847326041
30,Nik Needham,2020,13,64,0.3125,0.03125,0.10372771474878444,8.5625,83.30000000000001,-0.3873582657194578
31,Byron Jones,2020,14,73,0.3698630136986301,0.0273972602739726,0.09694555112881806,10.616438356164384,88.71428571428571,-0.6507912672638517
32,Nevin Lawson,2020,14,67,0.3283582089552239,0.0,0.09103260869565218,7.208955223880597,91.1923076923077,-0.7046353140916198
33,Amani Oruwariye,2020,15,86,0.3953488372093023,0.011627906976744186,0.08365758754863813,9.406976744186046,91.08,-0.8292647179523117
34,Patrick Peterson,2020,15,79,0.2911392405063291,0.0379746835443038,0.07632850241545894,8.379746835443038,94.85333333333332,-0.832002157959838
35,Terrance Mitchell,2020,16,99,0.41414141414141414,0.0,0.08483290488431877,8.333333333333334,95.8875,-0.8712945340647005
36,Kenny Moore,2020,16,101,0.2376237623762376,0.039603960396039604,0.10990206746463548,8.376237623762377,87.8,-0.949481331670586
37,Michael Ojemudia,2020,14,88,0.38636363636363635,0.0,0.12171507607192254,9.261363636363637,94.82142857142857,-1.5500607826093307
38,Jason McCourty,2020,15,45,0.35555555555555557,0.0,0.06766917293233082,9.266666666666667,102.07857142857142,-1.8027120884437358
39,Tre Herndon,2020,16,77,0.3116883116883117,0.0,0.08740068104426787,8.480519480519481,101.03750000000001,-1.8965543470220976
40,Vernon Hargreaves III,2020,16,107,0.308411214953271,0.009345794392523364,0.12063134160090191,8.476635514018692,100.15625,-1.920786928463676
41,Jeff Gladney,2020,15,88,0.29545454545454547,0.0,0.09272918861959958,8.295454545454545,102.49333333333334,-2.0562454557704037
42,Isaiah Oliver,2020,16,90,0.3,0.0,0.1171875,8.277777777777779,103.75,-2.2674662727829697
43,Darius Slay,2020,15,90,0.2222222222222222,0.011111111111111112,0.10180995475113122,9.455555555555556,98.72666666666667,-2.5194363970754377
44,AJ Terrell,2020,14,106,0.32075471698113206,0.009433962264150943,0.15892053973013492,8.830188679245284,106.42857142857143,-2.606464324171734
45,Sean Murphy-Bunting,2020,16,100,0.22,0.01,0.1,9.42,102.08125,-2.7419366307825985
46,Nickell Robey-Coleman,2020,14,52,0.21153846153846154,0.0,0.08496732026143791,9.423076923076923,104.54285714285713,-3.025198778504072
1,Jamel Dean,2021,14,66,0.48484848484848486,0.030303030303030304,0.08019441069258809,4.833333333333333,58.542857142857144,3.463977240458644
2,J.C. Jackson,2021,17,106,0.4339622641509434,0.07547169811320754,0.10642570281124498,6.2075471698113205,62.06470588235294,3.122393509782145
3,AJ Terrell,2021,16,86,0.46511627906976744,0.03488372093023256,0.083984375,4.848837209302325,66.85625,2.94227550912173
4,Eric Stokes,2021,16,97,0.4948453608247423,0.010309278350515464,0.0980788675429727,5.268041237113402,70.95,2.4354319801482585
5,Adoree' Jackson,2021,13,73,0.4657534246575342,0.0136986301369863,0.08968058968058969,4.835616438356165,69.73076923076923,2.4244449095927285
6,D.J. Reed,2021,14,88,0.5,0.022727272727272728,0.088,5.761363636363637,70.13571428571429,2.367684751038018
7,Patrick Surtain II,2021,16,96,0.4479166666666667,0.041666666666666664,0.10643015521064302,5.677083333333333,72.75,2.3168455765286757
8,Tavierre Thomas,2021,14,42,0.3333333333333333,0.047619047619047616,0.06583072100313479,5.166666666666667,69.63846153846154,2.1074006107460996
9,Xavien Howard,2021,16,93,0.41935483870967744,0.053763440860215055,0.09064327485380116,6.602150537634409,71.10625,1.8694134442106254
10,Trevon Diggs,2021,16,103,0.36893203883495146,0.10679611650485436,0.09537037037037037,8.805825242718447,67.16875,1.858705069314626
11,Kristian Fulton,2021,13,72,0.4583333333333333,0.027777777777777776,0.0898876404494382,6.888888888888889,68.58461538461539,1.6723811203592447
12,Jalen Ramsey,2021,16,98,0.3673469387755102,0.04081632653061224,0.07722616233254531,6.36734693877551,68.11875,1.5690892332600601
13,Denzel Ward,2021,15,78,0.358974358974359,0.038461538461538464,0.0911214953271028,5.576923076923077,75.92,1.5295432774928222
14,Taron Johnson,2021,16,69,0.43478260869565216,0.014492753623188406,0.06955645161290322,5.739130434782608,74.94666666666667,1.4881391734448868
15,Chidobe Awuzie,2021,14,91,0.3956043956043956,0.02197802197802198,0.0873320537428023,5.428571428571429,79.92857142857143,1.3335190556219325
16,Levi Wallace,2021,17,81,0.3950617283950617,0.024691358024691357,0.07245080500894455,5.802469135802469,76.15,1.3093112138982326
17,Darius Slay,2021,16,85,0.3764705882352941,0.03529411764705882,0.08292682926829269,6.294117647058823,74.71875,1.2008166184220133
18,Charvarius Ward,2021,13,76,0.4605263157894737,0.02631578947368421,0.08128342245989305,6.723684210526316,79.35384615384615,1.0864662905628675
19,Anthony Brown,2021,16,122,0.4426229508196721,0.02459016393442623,0.1096136567834681,6.852459016393443,80.01875,0.9196718212996462
20,Anthony Averett,2021,14,101,0.4158415841584158,0.0297029702970297,0.125,7.603960396039604,76.88571428571429,0.7407204251672368
21,Michael Davis,2021,14,86,0.45348837209302323,0.011627906976744186,0.10082063305978899,6.209302325581396,87.71428571428571,0.618228395313008
22,Nik Needham,2021,15,63,0.31746031746031744,0.031746031746031744,0.10378912685337727,7.285714285714286,75.90666666666667,0.27385351552738146
23,Kenny Moore,2021,17,121,0.2975206611570248,0.03305785123966942,0.11382878645343368,6.305785123966942,83.54117647058824,0.2196523993107389
24,Mike Hughes,2021,14,61,0.39344262295081966,0.01639344262295082,0.10032894736842106,6.950819672131147,83.83846153846154,0.1670214781097454
25,Avonte Maddox,2021,16,74,0.22972972972972974,0.013513513513513514,0.09475032010243278,5.5675675675675675,79.1875,0.09145414878822668
26,Amani Oruwariye,2021,14,77,0.3116883116883117,0.07792207792207792,0.08208955223880597,8.714285714285714,84.2,-0.015936064678699992
27,Casey Hayward,2021,16,56,0.4107142857142857,0.017857142857142856,0.04856895056374675,7.625,82.19375,-0.02866826713040569
28,Jalen Mills,2021,14,65,0.4307692307692308,0.0,0.07454128440366972,6.246153846153846,91.31428571428572,-0.033744066130843776
29,Marshon Lattimore,2021,16,106,0.39622641509433965,0.02830188679245283,0.1062124248496994,7.7924528301886795,86.75625,-0.11024559300564606
30,Brandin Echols,2021,14,75,0.36,0.02666666666666667,0.09868421052631579,7.986666666666666,83.66428571428571,-0.2822774422733828
31,James Bradberry,2021,17,115,0.34782608695652173,0.034782608695652174,0.0992234685073339,7.373913043478261,88.82941176470588,-0.2830463711311286
32,Chris Harris Jr.,2021,14,55,0.38181818181818183,0.01818181818181818,0.07343124165554073,7.381818181818182,86.91428571428571,-0.3177101624654606
33,Paulson Adebo,2021,17,89,0.34831460674157305,0.033707865168539325,0.11223203026481715,8.03370786516854,86.46470588235294,-0.37717560969162467
34,Eli Apple,2021,16,78,0.3717948717948718,0.02564102564102564,0.06280193236714976,7.717948717948718,86.49375,-0.3898378115102297
35,Byron Murphy,2021,16,98,0.30612244897959184,0.04081632653061224,0.09542356377799416,7.459183673469388,87.34375,-0.40353202104244756
36,K'Waun Williams,2021,14,49,0.20408163265306123,0.02040816326530612,0.059178743961352656,6.408163265306122,79.52857142857144,-0.5713651395479543
37,L'Jarius Sneed,2021,15,80,0.2875,0.025,0.07187780772686433,7.3125,85.26428571428572,-0.6821119798623556
38,Chandon Sullivan,2021,17,67,0.29850746268656714,0.04477611940298507,0.07938388625592417,8.35820895522388,86.28823529411765,-0.694895321056402
39,Jackrabbit Jenkins,2021,14,90,0.37777777777777777,0.011111111111111112,0.0972972972972973,7.1,94.30714285714285,-0.7126481749627653
40,Darious Williams,2021,14,92,0.3804347826086957,0.0,0.07896995708154507,6.630434782608695,94.2,-0.7139150314376705
41,Terrance Mitchell,2021,13,76,0.39473684210526316,0.013157894736842105,0.09547738693467336,7.315789473684211,95.15833333333335,-0.7158316712032697
42,Xavier Rhodes,2021,13,61,0.3770491803278688,0.01639344262295082,0.09561128526645768,8.360655737704919,88.0,-0.7429285859104842
43,Kendall Fuller,2021,16,113,0.3185840707964602,0.008849557522123894,0.11254980079681275,7.123893805309734,89.94375,-0.8447747368657577
44,Jaylon Johnson,2021,14,72,0.3888888888888889,0.013888888888888888,0.07717041800643087,7.833333333333333,93.11428571428571,-0.8758638849011776
45,Desmond King,2021,15,100,0.31,0.03,0.10787486515641856,7.52,94.57333333333332,-0.9798349329445044
46,Byron Jones,2021,15,90,0.4,0.0,0.09221311475409837,8.1,91.98,-1.0352746696744421
47,Elijah Molden,2021,14,61,0.3114754098360656,0.01639344262295082,0.09090909090909091,8.01639344262295,89.47142857142856,-1.143894886465601
48,Tyson Campbell,2021,15,81,0.30864197530864196,0.024691358024691357,0.09375,8.234567901234568,91.23333333333333,-1.1882113273348391
49,Nate Hobbs,2021,15,62,0.16129032258064516,0.016129032258064516,0.06935123042505593,6.435483870967742,85.42307692307692,-1.2508237441546675
50,Bryce Hall,2021,17,109,0.3669724770642202,0.0,0.0932420872540633,7.284403669724771,97.76470588235294,-1.2686242339592373
51,Mike Hilton,2021,17,85,0.25882352941176473,0.023529411764705882,0.08244422890397672,7.682352941176471,90.91176470588235,-1.3406731835974794
52,Fabian Moreau,2021,16,88,0.375,0.0,0.08486017357762778,7.3522727272727275,99.18125,-1.351554170481875
53,Jourdan Lewis,2021,16,76,0.27631578947368424,0.039473684210526314,0.09015421115065243,9.026315789473685,91.3375,-1.3957314197114834
54,Bashaud Breeland,2021,13,88,0.3409090909090909,0.022727272727272728,0.13037037037037036,8.840909090909092,97.13846153846154,-1.4527018169455865
55,Cameron Sutton,2021,16,72,0.3055555555555556,0.027777777777777776,0.062445793581960105,8.569444444444445,94.09375,-1.517621359071846
56,Steven Nelson,2021,16,72,0.3194444444444444,0.013888888888888888,0.06837606837606838,8.01388888888889,96.0,-1.5794240444649115
57,Kyle Fuller,2021,13,67,0.3582089552238806,0.0,0.09305555555555556,8.253731343283581,98.67692307692307,-1.7448527485717125
58,Shaquill Griffin,2021,14,66,0.30303030303030304,0.0,0.07551487414187644,8.212121212121213,92.35000000000001,-1.7631406468746864
59,Mackensie Alexander,2021,16,70,0.34285714285714286,0.0,0.10144927536231885,9.257142857142858,97.15625,-1.967003749939249
60,Josh Norman,2021,13,60,0.31666666666666665,0.016666666666666666,0.078125,9.033333333333333,98.69999999999999,-1.9986632591780111
61,Michael Carter II,2021,15,73,0.2465753424657534,0.0,0.09407216494845361,7.5479452054794525,95.94,-2.03893415479349
62,Marco Wilson,2021,14,74,0.2972972972972973,0.0,0.09261576971214018,7.945945945945946,103.11428571428573,-2.2878944563618546
63,Kindle Vildor,2021,14,59,0.3050847457627119,0.0,0.07186358099878197,10.135593220338983,109.75714285714287,-3.027074028186413
1,James Bradberry,2022,17,86,0.5116279069767442,0.03488372093023256,0.07037643207855974,4.441860465116279,65.39999999999999,3.476200274397162
2,Cameron Sutton,2022,16,73,0.4794520547945205,0.0410958904109589,0.07841031149301826,5.315068493150685,65.1125,3.0783216393552806
3,Michael Davis,2022,14,70,0.5,0.014285714285714285,0.08353221957040573,4.814285714285714,67.85,2.8601926203487054
4,Darious Williams,2022,17,91,0.4945054945054945,0.0,0.08472998137802606,5.0,70.49411764705883,2.5011887082337507
5,Riq Woolen,2022,16,66,0.3939393939393939,0.09090909090909091,0.06984126984126984,6.348484848484849,64.26875,2.3572651672058744
6,Sauce Gardner,2022,17,86,0.4418604651162791,0.023255813953488372,0.09942196531791908,5.255813953488372,68.70588235294117,2.141428950096744
7,Tyson Campbell,2022,17,83,0.42168674698795183,0.03614457831325301,0.06509803921568627,5.216867469879518,77.21764705882353,2.035784041525202
8,Steven Nelson,2022,13,62,0.3870967741935484,0.016129032258064516,0.06471816283924843,5.919354838709677,72.21538461538461,1.4572042017115476
9,Michael Jackson,2022,17,86,0.43023255813953487,0.011627906976744186,0.07497820401046207,5.674418604651163,79.99411764705883,1.239039566273807
10,Jaycee Horn,2022,13,60,0.4,0.05,0.07389162561576355,7.15,70.57692307692308,1.1764365908400836
11,Jonathan Jones,2022,16,91,0.42857142857142855,0.04395604395604396,0.1017897091722595,6.461538461538462,73.31875,1.1019943973097115
12,Patrick Surtain II,2022,16,77,0.38961038961038963,0.025974025974025976,0.06962025316455696,6.077922077922078,77.775,1.019058521782683
13,Bradley Roby,2022,13,63,0.4603174603174603,0.0,0.10031847133757962,6.492063492063492,72.9,1.0073374248800362
14,Martin Emerson,2022,16,91,0.4945054945054945,0.0,0.1439873417721519,5.384615384615385,77.99375,0.9968555007515791
15,Charvarius Ward,2022,17,95,0.42105263157894735,0.010526315789473684,0.08304195804195805,6.442105263157894,75.22941176470589,0.9073515939087535
16,Greg Newsome II,2022,15,69,0.42028985507246375,0.0,0.07607497243660419,5.884057971014493,80.34666666666666,0.8888693009923108
17,Stephon Gilmore,2022,16,89,0.4157303370786517,0.02247191011235955,0.08372530573847602,6.48314606741573,76.6,0.8434062743969288
18,Jaire Alexander,2022,16,82,0.34146341463414637,0.06097560975609756,0.09100998890122086,6.975609756097561,70.31875,0.6724586387310119
19,Mike Hilton,2022,14,69,0.36231884057971014,0.014492753623188406,0.08156028368794327,6.231884057971015,75.83571428571429,0.5836810164728514
20,Jamel Dean,2022,15,65,0.4153846153846154,0.03076923076923077,0.07344632768361582,7.2153846153846155,78.86666666666666,0.5496906695627197
21,D.J. Reed,2022,17,85,0.35294117647058826,0.011764705882352941,0.07482394366197183,5.752941176470588,81.71176470588235,0.4780523447492444
22,Marco Wilson,2022,14,87,0.39080459770114945,0.034482758620689655,0.11196911196911197,6.275862068965517,79.34285714285714,0.28089817190764366
23,Carlton Davis,2022,13,93,0.43010752688172044,0.010752688172043012,0.10580204778156997,6.688172043010753,80.80000000000001,0.15307197553178833
24,Michael Carter II,2022,17,77,0.3246753246753247,0.025974025974025976,0.1051912568306011,6.142857142857143,75.18235294117646,0.15125672786811747
25,Darius Slay,2022,16,79,0.379746835443038,0.0379746835443038,0.06887532693984307,6.734177215189874,85.9125,0.14957019593558002
26,Kendall Fuller,2022,16,74,0.40540540540540543,0.04054054054054054,0.07177497575169738,7.972972972972973,80.8,0.14330887951401128
27,Bryce Callahan,2022,15,54,0.2962962962962963,0.05555555555555555,0.08256880733944955,6.851851851851852,76.29333333333334,0.0526247959265947
28,Dane Jackson,2022,15,78,0.38461538461538464,0.02564102564102564,0.08823529411764706,6.897435897435898,81.33333333333333,0.03838915062097344
29,Levi Wallace,2022,14,77,0.4155844155844156,0.05194805194805195,0.10860366713681241,8.441558441558442,75.31428571428572,0.0033945873807109794
30,Denzel Ward,2022,14,69,0.34782608695652173,0.043478260869565216,0.09224598930481283,7.681159420289855,74.37142857142858,-0.020608121115035783
31,Asante Samuel Jr.,2022,17,87,0.42528735632183906,0.022988505747126436,0.08317399617590822,7.195402298850575,85.7235294117647,-0.031730915322876765
32,L'Jarius Sneed,2022,17,104,0.3076923076923077,0.028846153846153848,0.08353413654618475,6.240384615384615,81.2235294117647,-0.11289336748507166
33,Kader Kohou,2022,15,115,0.4,0.008695652173913044,0.1419753086419753,6.069565217391304,79.73333333333333,-0.19866937998012302
34,Darnay Holmes,2022,14,67,0.3880597014925373,0.0,0.10518053375196232,6.492537313432836,81.53846153846153,-0.20280860990950692
35,Trevon Diggs,2022,16,85,0.3176470588235294,0.03529411764705882,0.06724683544303797,7.91764705882353,78.3375,-0.3276206252011372
36,AJ Terrell,2022,14,75,0.44,0.0,0.09386733416770963,6.373333333333333,92.97142857142856,-0.34970364662811626
37,Patrick Peterson,2022,17,89,0.34831460674157305,0.056179775280898875,0.07561597281223449,7.820224719101123,84.32352941176471,-0.3997721317520375
38,Eli Apple,2022,15,79,0.43037974683544306,0.0,0.07175295186194369,8.316455696202532,84.92666666666668,-0.4079551431829527
39,Marlon Humphrey,2022,16,79,0.31645569620253167,0.0379746835443038,0.07123534715960325,7.468354430379747,81.9625,-0.4386098650289924
40,Desmond King,2022,17,56,0.25,0.03571428571428571,0.06100217864923747,6.517857142857143,82.9,-0.44568132297392515
41,Fabian Moreau,2022,14,81,0.4074074074074074,0.0,0.0941860465116279,6.827160493827161,87.15714285714286,-0.4467532217376016
42,Rasul Douglas,2022,17,84,0.30952380952380953,0.047619047619047616,0.09190371991247265,6.940476190476191,84.04705882352941,-0.610498838606645
43,Jalen Ramsey,2022,17,91,0.32967032967032966,0.04395604395604396,0.08449396471680594,7.241758241758242,86.36875,-0.6746888950610455
44,Damarri Mathis,2022,14,81,0.30864197530864196,0.0,0.10742705570291777,6.333333333333333,83.13571428571429,-0.8693989502946965
45,Taron Johnson,2022,16,100,0.34,0.01,0.08976660682226212,5.92,96.41875,-0.947632508608698
46,Deommodore Lenoir,2022,15,83,0.3253012048192771,0.012048192771084338,0.07742537313432836,8.373493975903614,85.47333333333333,-1.2535147877825534
47,Jeff Okudah,2022,15,77,0.38961038961038963,0.012987012987012988,0.09709962168978563,8.844155844155845,87.48,-1.3146851983061607
48,Xavien Howard,2022,15,84,0.39285714285714285,0.011904761904761904,0.07977207977207977,9.273809523809524,92.48666666666666,-1.4128397710126435
49,Amik Robertson,2022,15,64,0.359375,0.03125,0.09453471196454949,8.515625,89.91333333333334,-1.4170927254580041
50,Myles Bryant,2022,17,70,0.3142857142857143,0.014285714285714285,0.10159651669085631,7.271428571428571,90.48235294117647,-1.5777264184812123
51,Chandon Sullivan,2022,17,72,0.2916666666666667,0.0,0.07135777998017839,8.86111111111111,89.8294117647059,-1.980227222341678
52,C.J. Henderson,2022,16,84,0.2857142857142857,0.023809523809523808,0.10980392156862745,8.142857142857142,89.3,-2.096166827002875
53,Paulson Adebo,2022,13,76,0.34210526315789475,0.0,0.09359605911330049,8.736842105263158,93.45384615384616,-2.1119931074109837
54,Marcus Peters,2022,13,84,0.34523809523809523,0.011904761904761904,0.10592686002522068,8.464285714285714,101.88461538461539,-2.6429000734884593
55,Roger McCreary,2022,17,108,0.3148148148148148,0.009259259259259259,0.11960132890365449,7.87037037037037,100.5,-2.7900656383966402
56,Coby Bryant,2022,16,72,0.25,0.0,0.11338582677165354,9.125,99.44375,-3.5620194012672557
57,Kyler Gordon,2022,14,82,0.1951219512195122,0.036585365853658534,0.13553719008264462,9.317073170731707,95.16428571428571,-3.7000752143744804
1,L'Jarius Sneed,2023,16,100,0.47,0.02,0.07923930269413629,4.78,62.95625,3.0386222432109666
2,Jaylon Johnson,2023,14,57,0.38596491228070173,0.07017543859649122,0.07054455445544554,4.842105263157895,67.2,2.8934514353273344
3,Martin Emerson,2023,15,79,0.4810126582278481,0.05063291139240506,0.08738938053097345,6.3164556962025316,62.28,2.749327770439765
4,Michael Carter II,2023,15,63,0.47619047619047616,0.0,0.09388971684053651,4.777777777777778,69.36666666666666,2.3534712347145654
5,Sauce Gardner,2023,15,52,0.4423076923076923,0.0,0.049476688867745006,5.596153846153846,71.18571428571428,2.025906669303156
6,Darious Williams,2023,17,99,0.40404040404040403,0.04040404040404041,0.09565217391304348,6.303030303030303,65.48823529411764,1.8702015366595903
7,DaRon Bland,2023,16,74,0.3108108108108108,0.10810810810810811,0.07240704500978473,7.45945945945946,62.925,1.8548989453299802
8,Riq Woolen,2023,15,71,0.39436619718309857,0.028169014084507043,0.07561235356762513,5.408450704225352,77.92666666666668,1.5911557705872963
9,Joey Porter Jr.,2023,16,62,0.5,0.016129032258064516,0.07242990654205607,7.241935483870968,71.7625,1.5602686178697498
10,Mike Hilton,2023,17,68,0.3235294117647059,0.029411764705882353,0.0774487471526196,5.676470588235294,70.88235294117646,1.3650010202293197
11,Ahkello Witherspoon,2023,17,107,0.4953271028037383,0.028037383177570093,0.09596412556053811,7.037383177570093,76.8529411764706,1.295059326957385
12,Paulson Adebo,2023,15,100,0.41,0.04,0.1053740779768177,6.74,72.9,1.177368840754244
13,Charvarius Ward,2023,16,97,0.38144329896907214,0.05154639175257732,0.08449477351916376,6.907216494845361,73.65625,1.1482221430486832
14,Deommodore Lenoir,2023,16,92,0.358695652173913,0.03260869565217391,0.07679465776293823,6.9021739130434785,68.325,1.140119025515341
15,Devon Witherspoon,2023,13,79,0.4050632911392405,0.012658227848101266,0.08946772366930918,5.227848101265823,85.05384615384615,1.0809332110934888
16,D.J. Reed,2023,13,72,0.4444444444444444,0.0,0.07250755287009064,6.125,81.24615384615385,0.9634182681373918
17,Greg Newsome II,2023,14,67,0.40298507462686567,0.029850746268656716,0.08385481852315395,6.7164179104477615,79.12857142857142,0.7942477179727366
18,Stephon Gilmore,2023,16,82,0.4024390243902439,0.024390243902439025,0.07750472589792061,6.719512195121951,79.15,0.7651791586745127
19,Jonathan Jones,2023,14,55,0.43636363636363634,0.0,0.07534246575342465,7.363636363636363,74.08571428571429,0.7311909784065094
20,Jaylon Jones,2023,13,62,0.43548387096774194,0.0,0.07878017789072427,5.709677419354839,87.97692307692309,0.7036280341721973
21,Rasul Douglas,2023,16,74,0.35135135135135137,0.06756756756756757,0.07115384615384615,6.648648648648648,85.65333333333334,0.637651962117561
22,Deonte Banks,2023,15,95,0.42105263157894735,0.021052631578947368,0.11255924170616113,6.378947368421053,81.68,0.6255829768645418
23,Patrick Peterson,2023,17,64,0.375,0.03125,0.055077452667814115,7.71875,78.21764705882353,0.45622290969949
24,Jourdan Lewis,2023,15,61,0.39344262295081966,0.01639344262295082,0.07881136950904392,6.475409836065574,83.62857142857142,0.45090773930175176
25,Levi Wallace,2023,15,73,0.4383561643835616,0.0273972602739726,0.09580052493438321,7.424657534246576,82.05333333333333,0.4362341101473346
26,Ja'Quan McMillian,2023,14,66,0.4090909090909091,0.030303030303030304,0.09865470852017937,6.0606060606060606,90.09285714285714,0.4235208883322068
27,Taron Johnson,2023,16,74,0.3108108108108108,0.0,0.0708133971291866,5.202702702702703,86.4125,0.36371192998884183
28,AJ Terrell,2023,16,81,0.4444444444444444,0.0,0.07605633802816901,6.814814814814815,86.8875,0.2524429987498035
29,Asante Samuel Jr.,2023,16,93,0.3870967741935484,0.021505376344086023,0.08370837083708371,7.989247311827957,78.46875,0.10949234636899109
30,Patrick Surtain II,2023,17,91,0.3956043956043956,0.01098901098901099,0.08117752007136485,7.252747252747253,84.10588235294118,-0.0006364286628727715
31,Amik Robertson,2023,14,66,0.3787878787878788,0.030303030303030304,0.09777777777777778,8.045454545454545,80.58571428571429,-0.0817457459146581
32,Alontae Taylor,2023,17,101,0.36633663366336633,0.019801980198019802,0.10631578947368421,6.782178217821782,84.76470588235294,-0.0942131808770863
33,Derion Kendrick,2023,16,77,0.4155844155844156,0.012987012987012988,0.08830275229357798,7.792207792207792,84.4875,-0.12461533507353177
34,Steven Nelson,2023,17,70,0.32857142857142857,0.05714285714285714,0.0586756077116513,9.385714285714286,79.67058823529412,-0.17015001923033723
35,Trent McDuffie,2023,16,76,0.34210526315789475,0.0,0.061142397425583264,6.894736842105263,86.07333333333332,-0.31585199039228196
36,Benjamin St-Juste,2023,15,94,0.35106382978723405,0.010638297872340425,0.08834586466165413,7.170212765957447,86.77142857142857,-0.4760225309388111
37,Roger McCreary,2023,15,81,0.2716049382716049,0.012345679012345678,0.0867237687366167,6.888888888888889,81.12666666666668,-0.5139609893973738
38,Zyon McCollum,2023,15,92,0.40217391304347827,0.0,0.10562571756601608,6.782608695652174,92.14666666666668,-0.5319800833269179
39,Christian Benford,2023,14,54,0.25925925925925924,0.037037037037037035,0.06451612903225806,7.962962962962963,81.39285714285714,-0.5884777568228552
40,Nate Hobbs,2023,13,82,0.2926829268292683,0.012195121951219513,0.1056701030927835,6.304878048780488,89.05384615384615,-0.6928730374936789
41,Kenny Moore,2023,16,79,0.22784810126582278,0.0379746835443038,0.07261029411764706,6.7215189873417724,90.975,-0.9084820250527956
42,Tyrique Stevenson,2023,16,114,0.35964912280701755,0.03508771929824561,0.13751507840772015,7.219298245614035,94.04375,-0.914709567183125
43,James Bradberry,2023,16,100,0.4,0.01,0.09165902841429881,7.32,99.7625,-1.018224075092804
44,DJ Turner,2023,17,69,0.42028985507246375,0.0,0.08323281061519903,10.043478260869565,91.10000000000001,-1.10515199903636
45,Tre Brown,2023,13,46,0.30434782608695654,0.043478260869565216,0.07628524046434494,8.934782608695652,89.91538461538462,-1.1073514206397235
46,Byron Murphy,2023,14,101,0.297029702970297,0.0297029702970297,0.11123348017621146,7.732673267326732,90.05714285714285,-1.1810400358424542
47,Sean Murphy-Bunting,2023,14,69,0.3333333333333333,0.028985507246376812,0.08214285714285714,9.347826086956522,89.27142857142857,-1.205101653370023
48,Kyler Gordon,2023,13,61,0.19672131147540983,0.03278688524590164,0.09457364341085271,7.278688524590164,87.83076923076922,-1.3882178987571945
49,Chidobe Awuzie,2023,14,56,0.35714285714285715,0.0,0.07756232686980609,8.642857142857142,96.02142857142857,-1.5705881845375802
50,Cameron Sutton,2023,16,85,0.3176470588235294,0.011764705882352941,0.06730007917656373,9.447058823529412,92.9375,-1.6474504738889246
51,Jamel Dean,2023,13,56,0.3392857142857143,0.0,0.06787878787878789,8.642857142857142,96.67692307692307,-1.6623599769607766
52,Adoree' Jackson,2023,14,88,0.32954545454545453,0.011363636363636364,0.1111111111111111,8.545454545454545,94.3,-1.7145491573259948
53,Donte Jackson,2023,15,67,0.3283582089552239,0.0,0.07419712070874862,8.328358208955224,98.95384615384616,-1.8160327434158579
54,Myles Bryant,2023,17,82,0.23170731707317074,0.012195121951219513,0.0963572267920094,7.487804878048781,95.11764705882354,-1.9363519896173091
55,Michael Davis,2023,13,85,0.35294117647058826,0.011764705882352941,0.096045197740113,8.647058823529411,102.29230769230769,-1.9586176603266938
56,Kendall Fuller,2023,14,78,0.28205128205128205,0.02564102564102564,0.07639569049951028,8.115384615384615,103.22142857142856,-2.012989623683785
57,Keisean Nixon,2023,16,74,0.20270270270270271,0.013513513513513514,0.07889125799573561,7.378378378378378,97.65625,-2.1020875666599896
58,Akayleb Evans,2023,15,79,0.27848101265822783,0.012658227848101266,0.09239766081871345,9.860759493670885,103.05333333333333,-2.6746410484628163
59,Kader Kohou,2023,16,78,0.16666666666666666,0.0,0.07910750507099391,7.987179487179487,107.8125,-3.342965611990124
1,Derek Stingley Jr.,2024,16,85,0.47058823529411764,0.058823529411764705,0.07596067917783736,4.4941176470588236,66.36875,3.711674743589074
2,Patrick Surtain II,2024,15,62,0.3387096774193548,0.06451612903225806,0.058823529411764705,5.258064516129032,71.09333333333332,3.1384638214765705
3,Kamari Lassiter,2024,13,73,0.5205479452054794,0.0410958904109589,0.08057395143487858,5.808219178082192,72.98461538461538,2.763248509916309
4,Marlon Humphrey,2024,16,96,0.3333333333333333,0.0625,0.096,5.791666666666667,69.23125,2.311234155362989
5,Cobie Durant,2024,13,50,0.44,0.02,0.05931198102016608,6.2,70.26923076923077,2.2643544642040347
6,Christian Benford,2024,15,58,0.3275862068965517,0.034482758620689655,0.05550239234449761,5.448275862068965,76.10666666666665,2.137210452325588
7,Donte Jackson,2024,14,63,0.3492063492063492,0.07936507936507936,0.07572115384615384,7.476190476190476,72.3,1.992277890170543
8,Trent McDuffie,2024,14,79,0.4050632911392405,0.02531645569620253,0.06550580431177445,5.1645569620253164,78.77857142857144,1.9756224107604154
9,Keisean Nixon,2024,16,79,0.4177215189873418,0.012658227848101266,0.0732159406858202,5.417721518987341,74.90666666666667,1.9255382022949696
10,Deommodore Lenoir,2024,15,87,0.3563218390804598,0.022988505747126436,0.09425785482123511,5.609195402298851,67.16,1.9104654310344695
11,Christian Gonzalez,2024,16,89,0.4157303370786517,0.02247191011235955,0.09100204498977506,6.112359550561798,74.6125,1.3823043983467664
12,Noah Igbinoghene,2024,17,71,0.43661971830985913,0.0,0.07312049433573635,5.591549295774648,78.52941176470588,1.37436129510728
13,Kenny Moore,2024,15,74,0.32432432432432434,0.04054054054054054,0.07312252964426877,5.513513513513513,83.82,1.331550949762767
14,Riq Woolen,2024,14,61,0.4098360655737705,0.03278688524590164,0.06853932584269663,6.278688524590164,83.22307692307693,1.2304663777699374
15,Jaycee Horn,2024,15,76,0.4605263157894737,0.013157894736842105,0.07335907335907337,6.092105263157895,82.53999999999999,1.14636150318468
16,Nate Wiggins,2024,14,62,0.4838709677419355,0.016129032258064516,0.08051948051948052,7.112903225806452,76.17142857142858,1.1346201217877354
17,Jalen Ramsey,2024,16,67,0.3582089552238806,0.029850746268656716,0.06523855890944498,6.432835820895522,80.6875,1.076110678789694
18,Darius Slay,2024,14,75,0.4533333333333333,0.0,0.0791974656810982,6.08,78.30714285714285,1.0552626711146
19,Jourdan Lewis,2024,15,54,0.2962962962962963,0.018518518518518517,0.06192660550458716,5.537037037037037,82.37692307692308,1.0235191108383732
20,Garrett Williams,2024,14,59,0.3898305084745763,0.01694915254237288,0.07554417413572344,5.576271186440678,85.01428571428572,0.9909816732623025
21,Quinyon Mitchell,2024,16,75,0.4533333333333333,0.0,0.06471095772217429,6.293333333333333,81.35,0.9607091974785954
22,Jarvis Brownlee,2024,16,74,0.40540540540540543,0.013513513513513514,0.08268156424581005,6.527027027027027,79.08125,0.7341777626359788
23,Byron Murphy,2024,17,119,0.29411764705882354,0.05042016806722689,0.1069182389937107,7.159663865546219,75.95882352941176,0.45582781891179086
24,D.J. Reed,2024,14,63,0.42857142857142855,0.0,0.0715909090909091,6.444444444444445,84.9,0.3788598868541118
25,Mike Hilton,2024,16,59,0.3050847457627119,0.01694915254237288,0.07983761840324763,5.796610169491525,85.225,0.3419404291704898
26,Jack Jones,2024,16,78,0.3076923076923077,0.038461538461538464,0.07435653002859867,6.615384615384615,86.9875,0.2937110670652721
27,Kader Kohou,2024,14,67,0.29850746268656714,0.029850746268656716,0.09463276836158192,6.253731343283582,83.95714285714287,0.13666883792241696
28,Tyrique Stevenson,2024,15,83,0.4578313253012048,0.024096385542168676,0.10234278668310727,7.626506024096385,84.74666666666667,-0.050463756640667795
29,Jarrian Jones,2024,17,55,0.3090909090909091,0.01818181818181818,0.07868383404864092,7.345454545454546,80.80625,-0.08307693500093638
30,Kool-Aid McKinstry,2024,13,62,0.45161290322580644,0.0,0.0950920245398773,7.32258064516129,82.26153846153846,-0.14481100752960963
31,Zyon McCollum,2024,17,108,0.4074074074074074,0.018518518518518517,0.09608540925266904,7.768518518518518,82.20588235294117,-0.1729844574516322
32,Tarheeb Still,2024,14,75,0.30666666666666664,0.05333333333333334,0.09101941747572816,7.506666666666667,88.72142857142856,-0.22905764121717107
33,Sauce Gardner,2024,15,58,0.41379310344827586,0.017241379310344827,0.0659090909090909,9.327586206896552,83.44,-0.23236569333018012
34,Kristian Fulton,2024,14,64,0.359375,0.015625,0.0773881499395405,7.171875,87.21428571428571,-0.26101002064382944
35,Jaylon Johnson,2024,16,51,0.3333333333333333,0.0392156862745098,0.04941860465116279,9.372549019607844,88.61875,-0.2636951330583792
36,Sean Murphy-Bunting,2024,14,53,0.22641509433962265,0.05660377358490566,0.07280219780219781,7.735849056603773,88.77857142857144,-0.33296994948874936
37,Andru Phillips,2024,13,43,0.23255813953488372,0.023255813953488372,0.07166666666666667,7.116279069767442,83.88461538461539,-0.35376139957441455
38,Ja'Quan McMillian,2024,17,101,0.3465346534653465,0.019801980198019802,0.11002178649237472,6.811881188118812,83.6470588235294,-0.3736996034152255
39,AJ Terrell,2024,17,81,0.32098765432098764,0.024691358024691357,0.07465437788018434,7.246913580246914,89.0764705882353,-0.3827372556458767
40,Joey Porter Jr.,2024,16,86,0.36046511627906974,0.011627906976744186,0.08293153326904533,7.953488372093023,83.9875,-0.5163219450205339
41,Stephon Gilmore,2024,15,84,0.36904761904761907,0.011904761904761904,0.09251101321585903,7.095238095238095,88.09333333333333,-0.5821628144262498
42,Mike Sainristil,2024,17,96,0.375,0.020833333333333332,0.08275862068965517,7.708333333333333,90.43529411764706,-0.630146923661877
43,Denzel Ward,2024,16,77,0.42857142857142855,0.025974025974025976,0.10144927536231885,9.2987012987013,84.13333333333334,-0.6460406780976939
44,Starling Thomas,2024,16,55,0.41818181818181815,0.0,0.06707317073170732,7.781818181818182,90.975,-0.6462714901979576
45,Terrion Arnold,2024,16,90,0.43333333333333335,0.0,0.08797653958944282,7.333333333333333,90.74375,-0.7349977497581259
46,Samuel Womack,2024,14,55,0.36363636363636365,0.03636363636363636,0.0818452380952381,9.127272727272727,89.62857142857142,-0.7692049095249274
47,Jaylon Jones,2024,17,101,0.31683168316831684,0.019801980198019802,0.08820960698689956,8.05940594059406,87.56470588235295,-0.9516988721561793
48,Cam Taylor-Britt,2024,17,91,0.31868131868131866,0.03296703296703297,0.0875842155919153,8.065934065934066,91.95294117647059,-0.9832375283877808
49,Riley Moss,2024,14,103,0.33980582524271846,0.009708737864077669,0.11306256860592755,7.252427184466019,86.32142857142857,-1.0661248829054475
50,Amik Robertson,2024,17,88,0.38636363636363635,0.0,0.13946117274167988,7.181818181818182,85.0529411764706,-1.3728580971469613
51,Kyler Gordon,2024,14,53,0.3018867924528302,0.0,0.07310344827586207,7.830188679245283,91.65714285714286,-1.3852584114815816
52,Devon Witherspoon,2024,17,86,0.313953488372093,0.0,0.07789855072463768,7.441860465116279,93.775,-1.409181838441634
53,Roger McCreary,2024,15,67,0.26865671641791045,0.0,0.10260336906584992,6.776119402985074,90.78,-1.5366333244307244
54,Montaric Brown,2024,16,78,0.3076923076923077,0.01282051282051282,0.0912280701754386,7.461538461538462,95.66875,-1.5524331823221076
55,Mike Hughes,2024,15,65,0.3076923076923077,0.0,0.09027777777777778,7.1692307692307695,94.02000000000001,-1.5541608750597173
56,Martin Emerson,2024,17,97,0.3917525773195876,0.0,0.11700844390832328,7.22680412371134,93.71764705882353,-1.610961264538019
57,Michael Jackson,2024,17,95,0.3157894736842105,0.021052631578947368,0.07883817427385892,8.76842105263158,98.3529411764706,-1.7954507619363562
58,Benjamin St-Juste,2024,14,88,0.38636363636363635,0.0,0.10220673635307782,8.125,95.0,-1.8308292094192722
59,Alontae Taylor,2024,17,103,0.3786407766990291,0.0,0.09572490706319703,8.271844660194175,97.87058823529412,-2.01763352442866
60,Rasul Douglas,2024,14,59,0.2711864406779661,0.0,0.05923694779116466,8.779661016949152,98.27142857142857,-2.105238567821505
61,Ronald Darby,2024,13,61,0.3114754098360656,0.0,0.09256449165402124,9.295081967213115,93.16153846153847,-2.257868655975653
62,DeAundre Alford,2024,16,92,0.2826086956521739,0.0,0.1272475795297372,6.445652173913044,98.47333333333333,-2.2874555862236394
63,Jonathan Jones,2024,17,60,0.2833333333333333,0.0,0.08426966292134831,8.966666666666667,103.65882352941176,-2.9300908784508493
64,Deonte Banks,2024,14,73,0.2876712328767123,0.0,0.09263959390862944,8.876712328767123,105.0,-3.1246290363276286
