,player_x,total_targets,incompletion_rate,int_rate,target_rate,avg_passer_rating,wcs,label
1,Darius Slay,159,0.3710691823899371,0.031446540880503145,0.03260200943202789,82.05000000000001,8.15583085243158,0.9
2,Jaire Alexander,145,0.3448275862068966,0.04827586206896552,0.04807692307692308,88.0,7.577377627094849,0.95
3,Marshon Lattimore,146,0.4246575342465753,0.0136986301369863,0.04006586169045005,79.4,6.683877798356124,1.0
4,Patrick Surtain,168,0.39285714285714285,0.017857142857142856,0.0401625627540043,85.4,2.986480073025506,0.85
5,James Bradberry,187,0.44919786096256686,0.0213903743315508,0.04367118169079869,82.95,2.6425684317293516,0.65
6,Denzel Ward,135,0.4148148148148148,0.037037037037037035,0.037282518641259324,66.30000000000001,2.488556953165714,0.8
7,Charvarius Ward,204,0.4166666666666667,0.029411764705882353,0.0419063270336894,73.45,2.3291241835582097,0.75
8,Stephon Gilmore,184,0.41847826086956524,0.021739130434782608,0.04709495776810852,78.35,2.1996727051401685,0.75
9,DJ Reed,165,0.37575757575757573,0.012121212121212121,0.036303630363036306,81.75,2.031817920768514,0.7
10,Ahmad Gardner,141,0.4397163120567376,0.014184397163120567,0.05042918454935622,71.5,1.9936382542737687,0.85
11,Marlon Humphrey,124,0.3870967741935484,0.03225806451612903,0.02990113334940921,74.19999999999999,1.701057878795529,0.7
12,Trent McDuffie,127,0.3937007874015748,0.0,0.03848484848484848,90.45,1.3366638661740917,0.8
13,LJarius Sneed,228,0.39473684210526316,0.021929824561403508,0.05188893946290396,77.39999999999999,1.307724515764204,0.75
14,Xavien Howard,84,0.39285714285714285,0.011904761904761904,0.022502009107956068,101.2,0.724836583742895,0.65
15,Tariq Woolen,137,0.39416058394160586,0.058394160583941604,0.04938716654650324,64.25,-1.52097065881678,0.55
16,TreDavious White,61,0.4426229508196721,0.03278688524590164,0.022085445329471397,67.53333333333333,-1.857470718900286,0.6
17,Paulson Adebo,241,0.37344398340248963,0.029045643153526972,0.08054812834224599,84.73333333333333,-2.0456047890391993,0.5
18,Darious Williams,91,0.4945054945054945,0.0,0.01800910350286958,68.7,-2.197803582293863,0.4
19,Patrick Peterson,89,0.34831460674157305,0.056179775280898875,0.020896924160601082,79.6,-2.1981629590609613,0.6
20,Carlton Davis,93,0.43010752688172044,0.010752688172043012,0.021949492565494454,82.8,-2.2631650421603187,0.55
21,Chidobe Awuzie,76,0.5394736842105263,0.013157894736842105,0.026592022393282014,71.55,-2.3937673682670275,0.45
22,Greg Newsome,187,0.39572192513368987,0.016042780748663103,0.06292059219380888,90.63333333333333,-2.5126670016518178,0.55
23,AJ Terrell,156,0.4423076923076923,0.0,0.03362068965517241,97.6,-2.6006412177180294,0.5
24,Levi Wallace,182,0.41208791208791207,0.03296703296703297,0.05217889908256881,91.03333333333335,-2.709800950655978,0.45
25,Marco Wilson,133,0.3609022556390977,0.022556390977443608,0.05271502179944511,93.7,-2.8394250326885917,0.4
26,Cameron Sutton,193,0.40932642487046633,0.02072538860103627,0.04593050928129462,92.23333333333333,-2.8572707436354303,0.4
27,Kristian Fulton,128,0.3515625,0.015625,0.0420914172969418,96.10000000000001,-3.088234678330605,0.5
28,Donte Jackson,116,0.27586206896551724,0.017241379310344827,0.03330462245190927,99.1,-3.2214775882533213,0.4
29,Byron Murphy,159,0.32075471698113206,0.018867924528301886,0.03760643330179754,100.44999999999999,-3.5610761870015573,0.4
30,Adoree Jackson,189,0.41798941798941797,0.005291005291005291,0.06465959630516592,89.2,-3.655995993791678,0.6
31,Michael Davis,180,0.39444444444444443,0.011111111111111112,0.049019607843137254,93.83333333333333,-5.374045920041665,0.35
32,Asante Samuel,201,0.39303482587064675,0.01990049751243781,0.0651750972762646,90.76666666666667,-5.3944555714560565,0.2
33,Jamel Dean,121,0.38016528925619836,0.01652892561983471,0.02935468219311014,98.5,-5.670908766476217,0.15
34,Shaquill Griffin,89,0.39325842696629215,0.02247191011235955,0.028980788016932595,93.1,-5.747690382748697,0.3
35,Benjamin St-Juste,171,0.42105263157894735,0.005847953216374269,0.05997895475271835,87.19999999999999,-5.9211421458759315,0.35
36,Alontae Taylor,168,0.42857142857142855,0.011904761904761904,0.06292134831460675,74.1,-6.004477076702292,0.35
37,Eli Apple,150,0.3933333333333333,0.006666666666666667,0.04937458854509546,78.73333333333333,-6.151715553797718,0.15
38,Michael Jackson,123,0.3902439024390244,0.008130081300813009,0.04311251314405889,85.1,-6.223606223627479,0.15
39,Mike Hilton,199,0.33668341708542715,0.020100502512562814,0.04973756560859785,79.10000000000001,-6.242985207171812,0.3
40,Keisean Nixon,110,0.22727272727272727,0.01818181818181818,0.04337539432176656,95.25,-6.311014068683268,0.3
41,Fabian Moreau,70,0.34285714285714286,0.014285714285714285,0.024238227146814405,108.85,-6.447476978463567,0.3
42,Tyson Campbell,145,0.36551724137931035,0.027586206896551724,0.04148783977110158,103.25,-6.635452278563429,0.15
43,Kendall Fuller,154,0.34415584415584416,0.032467532467532464,0.03363914373088685,103.75,-6.727233487698248,0.35
44,Taron Johnson,235,0.3148936170212766,0.01276595744680851,0.04802779480891069,90.83333333333333,-6.875336404717978,0.35
45,Chandon Sullivan,100,0.31,0.01,0.03244646333549643,81.05,-6.9952949273696206,0.1
46,Kader Kohou,267,0.31086142322097376,0.011235955056179775,0.106629392971246,97.33333333333333,-6.998615501270136,0.2
47,Trevon Diggs,94,0.3404255319148936,0.0425531914893617,0.02529601722282024,45.349999999999994,-7.241999535425175,0.55
48,Troy Hill,128,0.2890625,0.015625,0.04163955757970072,106.33333333333333,-7.2703587480515806,0.25
49,Dane Jackson,163,0.32515337423312884,0.018404907975460124,0.063721657544957,102.89999999999999,-7.3396736774762985,0.4
50,Nate Hobbs,211,0.2843601895734597,0.009478672985781991,0.07288428324697754,101.53333333333335,-7.37648357561158,0.25
51,Jourdan Lewis,97,0.32989690721649484,0.020618556701030927,0.026780784097183877,84.05000000000001,-7.557616373687231,0.3
52,Sean Murphy-Bunting,99,0.32323232323232326,0.050505050505050504,0.027591973244147156,71.85,-7.649007171918686,0.35
53,Steven Nelson,70,0.32857142857142857,0.05714285714285714,0.017352503718393655,73.3,-7.695994912054366,0.35
54,Kenny Moore,128,0.25,0.0234375,0.026364572605561278,107.15,-7.854031028630286,0.2
55,Amani Oruwariye,82,0.3048780487804878,0.012195121951219513,0.030047636496885306,112.75,-7.921209178754313,0.2
56,Ahkello Witherspoon,78,0.28205128205128205,0.02564102564102564,0.028878193261754906,111.5,-7.965384024270212,0.2
57,Rasul Douglas,84,0.30952380952380953,0.047619047619047616,0.020786933927245732,88.5,-8.113205043958722,0.25
